Name,Image,Description,RegularPrice,PromoPrice,Link,Availability,Categories,Rate,NumberOfReviews,Gender
L'ORÉAL PARIS Age Perfect Cell Renew,https://www.ros.net.pl/GalleryImages/product_photos/1280_720/349995_390628_1280_720.png,"serum do twarzy na noc30 ml, nr kat. 390628",89.99,58.99,"https://www.rossmann.pl/Produkt/Serum/LOreal-Paris-Age-Perfect-Cell-Renew-serum-do-twarzy-na-noc-30-ml,390628,9225",Available online,Twarz/Pielęgnacja twarzy/Serum,None,None,None
L'ORÉAL PARIS Age Perfect Cell Renew,https://www.ros.net.pl/GalleryImages/product_photos/1280_720/350004_390630_1280_720.png,"krem pod oczy 15 ml, nr kat. 390630",79.99,52.99,"https://www.rossmann.pl/Produkt/Kremy-pod-oczy/LOreal-Paris-Age-Perfect-Cell-Renew-krem-pod-oczy-15-ml,390630,9224",Available online,Twarz/Pielęgnacja twarzy/Kremy pod oczy,None,None,None
L'ORÉAL PARIS Age Perfect Cell Renew,https://www.ros.net.pl/GalleryImages/product_photos/1280_720/350000_390632_1280_720.png,"krem na dzień rewitalizujący, SPF 3050 ml, nr kat. 390632",79.99,52.99,"https://www.rossmann.pl/Produkt/Kremy-do-twarzy/LOreal-Paris-Age-Perfect-Cell-Renew-krem-na-dzien-rewitalizujacy-SPF-30-50-ml,390632,9223",Available online,Twarz/Pielęgnacja twarzy/Kremy do twarzy,None,None,kobieta 
L'ORÉAL PARIS Age Perfect Cell Renew,https://www.ros.net.pl/GalleryImages/product_photos/1280_720/350014_390629_1280_720.png,"krem na dzień rewitalizujący50 ml, nr kat. 390629",79.99,52.99,"https://www.rossmann.pl/Produkt/Kremy-do-twarzy/LOreal-Paris-Age-Perfect-Cell-Renew-krem-na-dzien-rewitalizujacy-50-ml,390629,9223",Available online,Twarz/Pielęgnacja twarzy/Kremy do twarzy,None,None,kobieta 
L'ORÉAL PARIS Age Perfect Cell Renew,https://www.ros.net.pl/GalleryImages/product_photos/1280_720/350009_390631_1280_720.png,"krem na noc regenerujący50 ml, nr kat. 390631",79.99,52.99,"https://www.rossmann.pl/Produkt/Kremy-do-twarzy/LOreal-Paris-Age-Perfect-Cell-Renew-krem-na-noc-regenerujacy-50-ml,390631,9223",Available online,Twarz/Pielęgnacja twarzy/Kremy do twarzy,None,None,kobieta 
L'ORÉAL PARIS Age Perfect Złoty Wiek,https://www.ros.net.pl/GalleryImages/product_photos/1280_720/334455_250869_1280_720.png,"różany krem wzmacniający na dzień, skóra dojrzała i pozbawiona blasku, 60+50 ml, nr kat. 250869",59.99,43.99,"https://www.rossmann.pl/Produkt/Kremy-do-twarzy/LOreal-Paris-Age-Perfect-Zloty-Wiek-rozany-krem-wzmacniajacy-na-dzien-skora-dojrzala-i-pozbawiona,250869,9223",Available online,Twarz/Pielęgnacja twarzy/Kremy do twarzy,4.5,10,kobieta 
L'ORÉAL PARIS Age Perfect Złoty Wiek,https://www.ros.net.pl/GalleryImages/product_photos/1280_720/334456_250871_1280_720.png,"bogaty krem wzmacniający na noc, skóra dojrzała, 60+50 ml, nr kat. 250871",59.99,43.99,"https://www.rossmann.pl/Produkt/Kremy-do-twarzy/LOreal-Paris-Age-Perfect-Zloty-Wiek-bogaty-krem-wzmacniajacy-na-noc-skora-dojrzala-60-50-ml,250871,9223",Available online,Twarz/Pielęgnacja twarzy/Kremy do twarzy,4.0,15,kobieta 
JANDA Collagen Reconstructor,https://www.ros.net.pl/GalleryImages/product_photos/1280_720/223344_331796_1280_720_70072.png,"odmładzające serum-odżywka na twarz, szyję i dekolt50 ml, nr kat. 331796",53.99,39.99,"https://www.rossmann.pl/Produkt/Serum/Janda-Collagen-Reconstructor-odmladzajace-serum-odzywka-na-twarz-szyje-i-dekolt-50-ml,331796,9225",Available online,Twarz/Pielęgnacja twarzy/Serum,None,None,None
JANDA Collagen Reconstructor,https://www.ros.net.pl/GalleryImages/product_photos/1280_720/223336_331792_1280_720_70066.png,"krem pod oczy redukujący zmarszczki i cienie pod oczami15 ml, nr kat. 331792",37.99,27.99,"https://www.rossmann.pl/Produkt/Kremy-do-twarzy/Janda-Collagen-Reconstructor-krem-pod-oczy-redukujacy-zmarszczki-i-cienie-pod-oczami-15-ml,331792,9223",Available online,Twarz/Pielęgnacja twarzy/Kremy do twarzy,None,None,kobieta 
JANDA Collagen Reconstructor,https://www.ros.net.pl/GalleryImages/product_photos/1280_720/223320_331788_1280_720_70066.png,"ujędrniający krem redukujący zmarszczki z naturalnym kolagenem na dzień50 ml, nr kat. 331788",53.99,39.99,"https://www.rossmann.pl/Produkt/Kremy-do-twarzy/Janda-Collagen-Reconstructor-ujedrniajacy-krem-redukujacy-zmarszczki-z-naturalnym-kolagenem-na-dzie,331788,9223",Available online,Twarz/Pielęgnacja twarzy/Kremy do twarzy,None,None,None
JANDA Collagen Reconstructor,https://www.ros.net.pl/GalleryImages/product_photos/1280_720/223327_331790_1280_720_70066.png,"ujędrniający krem redukujący zmarszczki z naturalnym kolagenem na noc50 ml, nr kat. 331790",53.99,39.99,"https://www.rossmann.pl/Produkt/Kremy-do-twarzy/Janda-Collagen-Reconstructor-ujedrniajacy-krem-redukujacy-zmarszczki-z-naturalnym-kolagenem-na-noc-,331790,9223",Available online,Twarz/Pielęgnacja twarzy/Kremy do twarzy,None,None,kobieta 
CHRISTIAN LAURENT Bakuchiol,https://www.ros.net.pl/GalleryImages/product_photos/1280_720/273645_357731_1280_720_89242.png,"antygrawitacyjny krem-lifting aktywnie modelujący, na dzień i na noc, 50+50 ml, nr kat. 357731",45.99,28.99,"https://www.rossmann.pl/Produkt/Kremy-do-twarzy/Christian-Laurent-Bakuchiol-antygrawitacyjny-krem-lifting-aktywnie-modelujacy-na-dzien-i-na-noc-5,357731,9223",Available online,Twarz/Pielęgnacja twarzy/Kremy do twarzy,None,None,kobieta 
CHRISTIAN LAURENT Bakuchiol,https://www.ros.net.pl/GalleryImages/product_photos/1280_720/273653_357732_1280_720_89242.png,"odmładzający krem-lifting poprawiający gęstość skóry, na dzień i na noc, 60+50 ml, nr kat. 357732",45.99,28.99,"https://www.rossmann.pl/Produkt/Kremy-do-twarzy/Christian-Laurent-Bakuchiol-odmladzajacy-krem-lifting-poprawiajacy-gestosc-skory-na-dzien-i-na-noc,357732,9223",Available online,Twarz/Pielęgnacja twarzy/Kremy do twarzy,None,None,kobieta 
AA Technologia Wieku 5 Repair 50+ Aktywny Lifting,https://www.ros.net.pl/GalleryImages/product_photos/1280_720/322648_381297_1280_720.png,"rewitalizujący krem rozświetlający pod oczy15 ml, nr kat. 381297",21.99,16.49,"https://www.rossmann.pl/Produkt/Kremy-pod-oczy/AA-Technologia-Wieku-5-Repair-50-Aktywny-Lifting-rewitalizujacy-krem-rozswietlajacy-pod-oczy-15-m,381297,9224",Available online,Twarz/Pielęgnacja twarzy/Kremy pod oczy,None,None,None
AA Technologia Wieku 5 Repair 50+ Aktywny Lifting,https://www.ros.net.pl/GalleryImages/product_photos/1280_720/333464_381310_1280_720.png,"liftingujący krem rozświetlający na dzień50 ml, nr kat. 381310",29.99,21.99,"https://www.rossmann.pl/Produkt/Kremy-do-twarzy/AA-Technologia-Wieku-5-Repair-50-Aktywny-Lifting-liftingujacy-krem-rozswietlajacy-na-dzien-50-ml,381310,9223",Available online,Twarz/Pielęgnacja twarzy/Kremy do twarzy,None,None,kobieta 
AA Technologia Wieku 5 Repair 50+ Aktywny Lifting,https://www.ros.net.pl/GalleryImages/product_photos/1280_720/333463_381311_1280_720.png,"regenerujący krem rozświetlający na noc50 ml, nr kat. 381311",29.99,21.99,"https://www.rossmann.pl/Produkt/Kremy-do-twarzy/AA-Technologia-Wieku-5-Repair-50-Aktywny-Lifting-regenerujacy-krem-rozswietlajacy-na-noc-50-ml,381311,9223",Available online,Twarz/Pielęgnacja twarzy/Kremy do twarzy,None,None,kobieta 
L'ORÉAL PARIS Ekspert Wieku,https://www.ros.net.pl/GalleryImages/product_photos/1280_720/244152_342678_1280_720_79890.png,"przeciwzmarszczkowy krem pod oczy, 50+15 ml, nr kat. 342678",29.99,16.99,"https://www.rossmann.pl/Produkt/Kremy-pod-oczy/LOreal-Paris-Ekspert-Wieku-przeciwzmarszczkowy-krem-pod-oczy-50-15-ml,342678,9224",Available online,Twarz/Pielęgnacja twarzy/Kremy pod oczy,None,None,None
L'ORÉAL PARIS Ekspert Wieku 50+,https://www.ros.net.pl/GalleryImages/product_photos/1280_720/349990_390616_1280_720.png,"przeciwzmarszczkowy krem liftingujący 50+50 ml, nr kat. 390616",29.99,16.99,"https://www.rossmann.pl/Produkt/Kremy-do-twarzy/LOreal-Paris-Ekspert-Wieku-50-przeciwzmarszczkowy-krem-liftingujacy-50-50-ml,390616,9223",Available online,Twarz/Pielęgnacja twarzy/Kremy do twarzy,None,None,kobieta 
L'ORÉAL PARIS Ekspert Wieku 50+,https://www.ros.net.pl/GalleryImages/product_photos/1280_720/41980_223565_1280_720.png,"przeciwzmarszczkowy krem ujędrniający na dzień50 ml, nr kat. 223565",29.99,16.99,"https://www.rossmann.pl/Produkt/Kremy-do-twarzy/LOreal-Paris-Ekspert-Wieku-50-przeciwzmarszczkowy-krem-ujedrniajacy-na-dzien-50-ml,223565,9223",Available online,Twarz/Pielęgnacja twarzy/Kremy do twarzy,4.5,6,kobieta 
L'ORÉAL PARIS Ekspert Wieku 50+,https://www.ros.net.pl/GalleryImages/product_photos/1280_720/41983_223572_1280_720.png,"przeciwzmarszczkowy krem ujędrniający na noc50 ml, nr kat. 223572",29.99,16.99,"https://www.rossmann.pl/Produkt/Kremy-do-twarzy/LOreal-Paris-Ekspert-Wieku-50-przeciwzmarszczkowy-krem-ujedrniajacy-na-noc-50-ml,223572,9223",Available online,Twarz/Pielęgnacja twarzy/Kremy do twarzy,5.0,6,kobieta 
L'ORÉAL PARIS Ekspert Wieku 60+,https://www.ros.net.pl/GalleryImages/product_photos/1280_720/56222_239014_1280_720_4586.png,"kompleksowy krem modelujący na dzień i na noc twarz, szyja, dekolt50ml, nr kat. 239014",34.99,26.99,"https://www.rossmann.pl/Produkt/Kremy-do-twarzy/LOreal-Paris-Ekspert-Wieku-60-kompleksowy-krem-modelujacy-na-dzien-i-na-noc-twarz-szyja-dekolt,239014,9223",Available online,Twarz/Pielęgnacja twarzy/Kremy do twarzy,5.0,5,kobieta 
L'ORÉAL PARIS Ekspert Wieku,https://www.ros.net.pl/GalleryImages/product_photos/1280_720/244301_342650_1280_720_79896.png,"przeciwzmarszczkowy krem odbudowujący pod oczy, 60+15 ml, nr kat. 342650",29.99,16.99,"https://www.rossmann.pl/Produkt/Kremy-pod-oczy/LOreal-Paris-Ekspert-Wieku-przeciwzmarszczkowy-krem-odbudowujacy-pod-oczy-60-15-ml,342650,9224",Available online,Twarz/Pielęgnacja twarzy/Kremy pod oczy,None,None,None
L'ORÉAL PARIS Ekspert Wieku 60+,https://www.ros.net.pl/GalleryImages/product_photos/1280_720/209024_223574_1280_720_64454.png,"przeciwzmarszczkowy krem odbudowujący na dzień50 ml, nr kat. 223574",29.99,16.99,"https://www.rossmann.pl/Produkt/Kremy-do-twarzy/LOreal-Paris-Ekspert-Wieku-60-przeciwzmarszczkowy-krem-odbudowujacy-na-dzien-50-ml,223574,9223",Available online,Twarz/Pielęgnacja twarzy/Kremy do twarzy,4.5,6,kobieta 
L'ORÉAL PARIS Ekspert Wieku 60+,https://www.ros.net.pl/GalleryImages/product_photos/1280_720/209026_223575_1280_720_64454.png,"przeciwzmarszczkowy krem odbudowujący na noc50 ml, nr kat. 223575",29.99,16.99,"https://www.rossmann.pl/Produkt/Kremy-do-twarzy/LOreal-Paris-Ekspert-Wieku-60-przeciwzmarszczkowy-krem-odbudowujacy-na-noc-50-ml,223575,9223",Available online,Twarz/Pielęgnacja twarzy/Kremy do twarzy,4.5,6,kobieta 
L'ORÉAL PARIS Ekspert Wieku 70+,https://www.ros.net.pl/GalleryImages/product_photos/1280_720/187791_258637_1280_720_56393.png,"przeciwzmarszczkowy krem odżywczy na dzień50 ml, nr kat. 258637",29.99,16.99,"https://www.rossmann.pl/Produkt/Kremy-do-twarzy/LOreal-Paris-Ekspert-Wieku-70-przeciwzmarszczkowy-krem-odzywczy-na-dzien-50-ml,258637,9223",Available online,Twarz/Pielęgnacja twarzy/Kremy do twarzy,None,None,kobieta 
L'ORÉAL PARIS Ekspert Wieku 70+,https://www.ros.net.pl/GalleryImages/product_photos/1280_720/82186_258640_1280_720_23976.png,"przeciwzmarszczkowy krem odżywczy na noc50 ml, nr kat. 258640",29.99,16.99,"https://www.rossmann.pl/Produkt/Kremy-do-twarzy/LOreal-Paris-Ekspert-Wieku-70-przeciwzmarszczkowy-krem-odzywczy-na-noc-50-ml,258640,9223",Available online,Twarz/Pielęgnacja twarzy/Kremy do twarzy,None,None,kobieta 
EVELINE COSMETICS Royal Snail,https://www.ros.net.pl/GalleryImages/product_photos/1280_720/305439_297443_1280_720_100163.png,"skoncentrowany krem pod oczy i na powieki intensywnie liftingujący, na dzień i na noc, 50+/70+20 ml, nr kat. 297443",26.99,16.99,"https://www.rossmann.pl/Produkt/Kremy-pod-oczy/Eveline-Cosmetics-Royal-Snail-skoncentrowany-krem-pod-oczy-i-na-powieki-intensywnie-liftingujacy-,297443,9224",Available online,Twarz/Pielęgnacja twarzy/Kremy pod oczy,None,None,None
EVELINE COSMETICS Royal Snail,https://www.ros.net.pl/GalleryImages/product_photos/1280_720/305431_297435_1280_720_100163.png,"skoncentrowany krem silnie liftingujący na dzień i na noc, cera dojrzała, 50+50 ml, nr kat. 297435",29.99,17.99,"https://www.rossmann.pl/Produkt/Kremy-do-twarzy/Eveline-Cosmetics-Royal-Snail-skoncentrowany-krem-silnie-liftingujacy-na-dzien-i-na-noc-cera-dojr,297435,9223",Available online,Twarz/Pielęgnacja twarzy/Kremy do twarzy,None,None,kobieta 
EVELINE COSMETICS Royal Snail,https://www.ros.net.pl/GalleryImages/product_photos/1280_720/305433_297438_1280_720_100163.png,"skoncentrowany krem ultranaprawczy na dzień i na noc, cera dojrzała, 60+50 ml, nr kat. 297438",29.99,17.99,"https://www.rossmann.pl/Produkt/Kremy-do-twarzy/Eveline-Cosmetics-Royal-Snail-skoncentrowany-krem-ultranaprawczy-na-dzien-i-na-noc-cera-dojrzala-,297438,9223",Available online,Twarz/Pielęgnacja twarzy/Kremy do twarzy,None,None,kobieta 
EVELINE COSMETICS Royal Snail,https://www.ros.net.pl/GalleryImages/product_photos/1280_720/305435_297439_1280_720_100163.png,"skoncentrowany krem aktywnie regenerujący na dzień i na noc, cera dojrzała, 70+50 ml, nr kat. 297439",29.99,17.99,"https://www.rossmann.pl/Produkt/Kremy-do-twarzy/Eveline-Cosmetics-Royal-Snail-skoncentrowany-krem-aktywnie-regenerujacy-na-dzien-i-na-noc-cera-do,297439,9223",Available online,Twarz/Pielęgnacja twarzy/Kremy do twarzy,None,None,kobieta 
AA Technologia Wieku 5 Repair 60+ Złota Kuracja,https://www.ros.net.pl/GalleryImages/product_photos/1280_720/334032_291430_1280_720.png,"krem pod oczy napinająco-odżywczy15 ml, nr kat. 291430",21.99,16.49,"https://www.rossmann.pl/Produkt/Kremy-pod-oczy/AA-Technologia-Wieku-5-Repair-60-Zlota-Kuracja-krem-pod-oczy-napinajaco-odzywczy-15-ml,291430,9224",Available online,Twarz/Pielęgnacja twarzy/Kremy pod oczy,None,None,None
AA Technologia Wieku 5 Repair 60+ Złota Kuracja,https://www.ros.net.pl/GalleryImages/product_photos/1280_720/334046_291428_1280_720.png,"ujędrniający krem wzmacniający na noc skóra wrażliwa i skłonna do alergii50 ml, nr kat. 291428",29.99,21.99,"https://www.rossmann.pl/Produkt/Kremy-do-twarzy/AA-Technologia-Wieku-5-Repair-60-Zlota-Kuracja-ujedrniajacy-krem-wzmacniajacy-na-noc-skora-wrazli,291428,9223",Available online,Twarz/Pielęgnacja twarzy/Kremy do twarzy,None,None,kobieta 
AA Technologia Wieku 5 Repair 60+ Złota Kuracja,https://www.ros.net.pl/GalleryImages/product_photos/1280_720/334036_291422_1280_720.png,"krem przeciwzmarszczkowy na dzień skóra wrażliwa i skłonna do alergii50 ml, nr kat. 291422",29.99,21.99,"https://www.rossmann.pl/Produkt/Kremy-do-twarzy/AA-Technologia-Wieku-5-Repair-60-Zlota-Kuracja-krem-przeciwzmarszczkowy-na-dzien-skora-wrazliwa-i,291422,9223",Available online,Twarz/Pielęgnacja twarzy/Kremy do twarzy,None,None,kobieta 
AA Technologia Wieku 5 Repair 60+ Złota Kuracja,https://www.ros.net.pl/GalleryImages/product_photos/1280_720/334041_291425_1280_720.png,"regenerujący krem odbudowujący na noc skóra wrażliwa i skłonna do alergii50 ml, nr kat. 291425",29.99,21.99,"https://www.rossmann.pl/Produkt/Kremy-do-twarzy/AA-Technologia-Wieku-5-Repair-60-Zlota-Kuracja-regenerujacy-krem-odbudowujacy-na-noc-skora-wrazli,291425,9223",Available online,Twarz/Pielęgnacja twarzy/Kremy do twarzy,None,None,kobieta 
AA Technologia Wieku 5 Repair 70+ Intensywne Odżywienie,https://www.ros.net.pl/GalleryImages/product_photos/1280_720/334061_291438_1280_720.png,"krem pod oczy nawilżająco-odżywczy15 ml, nr kat. 291438",21.99,16.49,"https://www.rossmann.pl/Produkt/Kremy-pod-oczy/AA-Technologia-Wieku-5-Repair-70-Intensywne-Odzywienie-krem-pod-oczy-nawilzajaco-odzywczy-15-ml,291438,9224",Available online,Twarz/Pielęgnacja twarzy/Kremy pod oczy,None,None,None
AA Technologia Wieku 5 Repair 70+ Intensywne Odżywienie,https://www.ros.net.pl/GalleryImages/product_photos/1280_720/334056_291437_1280_720.png,"krem wzmacniający na noc skóra wrażliwa i skłonna do alergii, 70+50 ml, nr kat. 291437",29.99,21.99,"https://www.rossmann.pl/Produkt/Kremy-do-twarzy/AA-Technologia-Wieku-5-Repair-70-Intensywne-Odzywienie-krem-wzmacniajacy-na-noc-skora-wrazliwa-i-,291437,9223",Available online,Twarz/Pielęgnacja twarzy/Kremy do twarzy,None,None,kobieta 
AA Technologia Wieku 5 Repair 70+ Intensywne Odżywienie,https://www.ros.net.pl/GalleryImages/product_photos/1280_720/334051_291434_1280_720.png,"krem intensywnie regenerujący na dzień i na noc skóra wrażliwa i skłonna do alergii50 ml, nr kat. 291434",29.99,21.99,"https://www.rossmann.pl/Produkt/Kremy-do-twarzy/AA-Technologia-Wieku-5-Repair-70-Intensywne-Odzywienie-krem-intensywnie-regenerujacy-na-dzien-i-na,291434,9223",Available online,Twarz/Pielęgnacja twarzy/Kremy do twarzy,None,None,kobieta 
PERFECTA Fenomen C,https://www.ros.net.pl/GalleryImages/product_photos/1280_720/319338_248613_1280_720.png,"nawilżający krem liftingujący na dzień i na noc, 50+, SPF 650 ml, nr kat. 248613",29.99,21.99,"https://www.rossmann.pl/Produkt/Kremy-do-twarzy/Perfecta-Fenomen-C-nawilzajacy-krem-liftingujacy-na-dzien-i-na-noc-50-SPF-6-50-ml,248613,9223",Available online,Twarz/Pielęgnacja twarzy/Kremy do twarzy,3.5,5,kobieta 
PERFECTA Fenomen C,https://www.ros.net.pl/GalleryImages/product_photos/1280_720/319339_248619_1280_720.png,"regenerujący krem ujędrniający na dzień i na noc, 60+, SPF 650 ml, nr kat. 248619",29.99,21.99,"https://www.rossmann.pl/Produkt/Kremy-do-twarzy/Perfecta-Fenomen-C-regenerujacy-krem-ujedrniajacy-na-dzien-i-na-noc-60-SPF-6-50-ml,248619,9223",Available online,Twarz/Pielęgnacja twarzy/Kremy do twarzy,4.5,5,kobieta 
PERFECTA Fenomen C,https://www.ros.net.pl/GalleryImages/product_photos/1280_720/319337_276349_1280_720.png,"regenerujący krem odbudowujący na dzień i na noc, 70+, SPF 650 ml, nr kat. 276349",29.99,21.99,"https://www.rossmann.pl/Produkt/Kremy-do-twarzy/Perfecta-Fenomen-C-regenerujacy-krem-odbudowujacy-na-dzien-i-na-noc-70-SPF-6-50-ml,276349,9223",Available online,Twarz/Pielęgnacja twarzy/Kremy do twarzy,None,None,kobieta 
BIELENDA Royal Bee Elixir,https://www.ros.net.pl/GalleryImages/product_photos/1280_720/311160_372618_1280_720_102131.png,"przeciwzmarszczkowy krem liftingująco- ujędrniający na dzień i na noc, 50+50 ml, nr kat. 372618",27.49,19.99,"https://www.rossmann.pl/Produkt/Kremy-do-twarzy/Bielenda-Royal-Bee-Elixir-przeciwzmarszczkowy-krem-liftingujaco-ujedrniajacy-na-dzien-i-na-noc-50,372618,9223",Available online,Twarz/Pielęgnacja twarzy/Kremy do twarzy,None,None,kobieta 
BIELENDA Royal Bee Elixir,https://www.ros.net.pl/GalleryImages/product_photos/1280_720/311165_372617_1280_720_102131.png,"przeciwzmarszczkowy krem - koncentrat aktywnie regenerujący, na dzień i na noc, 60+50 ml, nr kat. 372617",27.49,19.99,"https://www.rossmann.pl/Produkt/Kremy-do-twarzy/Bielenda-Royal-Bee-Elixir-przeciwzmarszczkowy-krem-koncentrat-aktywnie-regenerujacy-na-dzien-i-n,372617,9223",Available online,Twarz/Pielęgnacja twarzy/Kremy do twarzy,None,None,kobieta 
BIELENDA Royal Bee Elixir,https://www.ros.net.pl/GalleryImages/product_photos/1280_720/311170_372616_1280_720_102131.png,"przeciwzmarszczkowy krem - koncentrat silnie odbudowujący, na dzień i na noc, 70+50 ml, nr kat. 372616",27.49,19.99,"https://www.rossmann.pl/Produkt/Kremy-do-twarzy/Bielenda-Royal-Bee-Elixir-przeciwzmarszczkowy-krem-koncentrat-silnie-odbudowujacy-na-dzien-i-na-,372616,9223",Available online,Twarz/Pielęgnacja twarzy/Kremy do twarzy,None,None,kobieta 
LIRENE Bursztynowa Odbudowa 60+,https://www.ros.net.pl/GalleryImages/product_photos/1280_720/346283_164038_1280_720.png,"przeciwzmarszczkowy krem ujędrniający na dzień i na noc50 ml, nr kat. 164038",19.99,13.99,"https://www.rossmann.pl/Produkt/Kremy-do-twarzy/Lirene-Bursztynowa-Odbudowa-60-przeciwzmarszczkowy-krem-ujedrniajacy-na-dzien-i-na-noc-50-ml,164038,9223",Available online,Twarz/Pielęgnacja twarzy/Kremy do twarzy,None,None,kobieta 
LIRENE Retinolowe Odżywienie 70+,https://www.ros.net.pl/GalleryImages/product_photos/1280_720/259161_173175_1280_720_85258.png,"przeciwzmarszczkowy krem naprawczy na dzień i na noc50 ml, nr kat. 173175",19.99,13.99,"https://www.rossmann.pl/Produkt/Kremy-do-twarzy/Lirene-Retinolowe-Odzywienie-70-przeciwzmarszczkowy-krem-naprawczy-na-dzien-i-na-noc-50-ml,173175,9223",Available online,Twarz/Pielęgnacja twarzy/Kremy do twarzy,None,None,kobieta 
DERMIKA Luxury Caviar,https://www.ros.net.pl/GalleryImages/product_photos/1280_720/327491_381354_1280_720.png,"krem intensywnie regenerujący pod oczy15 ml, nr kat. 381354",53.99,32.99,"https://www.rossmann.pl/Produkt/Kremy-pod-oczy/Dermika-Luxury-Caviar-krem-intensywnie-regenerujacy-pod-oczy-15-ml,381354,9224",Available online,Twarz/Pielęgnacja twarzy/Kremy pod oczy,None,None,None
DERMIKA Luxury Caviar,https://www.ros.net.pl/GalleryImages/product_photos/1280_720/327467_381350_1280_720.png,"krem wypełniający zmarszczki na dzień i na noc, 50+50 ml, nr kat. 381350",79.99,47.99,"https://www.rossmann.pl/Produkt/Kremy-do-twarzy/Dermika-Luxury-Caviar-krem-wypelniajacy-zmarszczki-na-dzien-i-na-noc-50-50-ml,381350,9223",Available online,Twarz/Pielęgnacja twarzy/Kremy do twarzy,None,None,kobieta 
DERMIKA Luxury Caviar,https://www.ros.net.pl/GalleryImages/product_photos/1280_720/327473_381351_1280_720.png,"krem aktywnie regenerujący na dzień i na noc, 60+50 ml, nr kat. 381351",79.99,47.99,"https://www.rossmann.pl/Produkt/Kremy-do-twarzy/Dermika-Luxury-Caviar-krem-aktywnie-regenerujacy-na-dzien-i-na-noc-60-50-ml,381351,9223",Available online,Twarz/Pielęgnacja twarzy/Kremy do twarzy,None,None,kobieta 
DERMIKA Luxury Caviar,https://www.ros.net.pl/GalleryImages/product_photos/1280_720/327479_381352_1280_720.png,"krem odbudowujący na dzień i na noc, 70+50 ml, nr kat. 381352",79.99,47.99,"https://www.rossmann.pl/Produkt/Kremy-do-twarzy/Dermika-Luxury-Caviar-krem-odbudowujacy-na-dzien-i-na-noc-70-50-ml,381352,9223",Available online,Twarz/Pielęgnacja twarzy/Kremy do twarzy,None,None,kobieta 
DERMIKA Luxury Caviar,https://www.ros.net.pl/GalleryImages/product_photos/1280_720/327485_381353_1280_720.png,"krem przeciwzmarszczkowy, eliksir na noc50 ml, nr kat. 381353",79.99,47.99,"https://www.rossmann.pl/Produkt/Kremy-do-twarzy/Dermika-Luxury-Caviar-krem-przeciwzmarszczkowy-eliksir-na-noc-50-ml,381353,9223",Available online,Twarz/Pielęgnacja twarzy/Kremy do twarzy,None,None,kobieta 
NIVEA Cellular Luminous,https://www.ros.net.pl/GalleryImages/product_photos/1280_720/332371_381361_1280_720.png,"intensywne serum przeciw przebarwieniom skóry30 ml, nr kat. 381361",89.99,66.99,"https://www.rossmann.pl/Produkt/Serum/Nivea-Cellular-Luminous-intensywne-serum-przeciw-przebarwieniom-skory-30-ml,381361,9225",Available online,Twarz/Pielęgnacja twarzy/Serum,None,None,None
NIVEA Cellular Luminous,https://www.ros.net.pl/GalleryImages/product_photos/1280_720/343256_394835_1280_720.png,"krem redukujący cienie pod oczami15 ml, nr kat. 394835",69.99,53.99,"https://www.rossmann.pl/Produkt/Serum/Nivea-Cellular-Luminous-krem-redukujacy-cienie-pod-oczami-15-ml,394835,9225",Available online,Twarz/Pielęgnacja twarzy/Serum,None,None,None
NIVEA Cellular Luminous,https://www.ros.net.pl/GalleryImages/product_photos/1280_720/332372_381360_1280_720.png,"krem przeciw przebarwieniom na dzień SPF 5040 ml, nr kat. 381360",79.99,59.99,"https://www.rossmann.pl/Produkt/Kremy-do-twarzy/Nivea-Cellular-Luminous-krem-przeciw-przebarwieniom-na-dzien-SPF-50-40-ml,381360,9223",Available online,Twarz/Pielęgnacja twarzy/Kremy do twarzy,None,None,kobieta 
NIVEA Cellular Luminous,https://www.ros.net.pl/GalleryImages/product_photos/1280_720/343247_394827_1280_720.png,"krem-fluid na dzień tonujący przeciw przebarwieniom40 ml, nr kat. 394827",79.99,59.99,"https://www.rossmann.pl/Produkt/Kremy-do-twarzy/Nivea-Cellular-Luminous-krem-fluid-na-dzien-tonujacy-przeciw-przebarwieniom-40-ml,394827,9223",Available online,Twarz/Pielęgnacja twarzy/Kremy do twarzy,None,None,kobieta 
NIVEA Cellular Luminous,https://www.ros.net.pl/GalleryImages/product_photos/1280_720/340673_394826_1280_720.png,"krem na noc przeciw przebarwieniom50 ml, nr kat. 394826",79.99,59.99,"https://www.rossmann.pl/Produkt/Kremy-do-twarzy/Nivea-Cellular-Luminous-krem-na-noc-przeciw-przebarwieniom-50-ml,394826,9223",Available online,Twarz/Pielęgnacja twarzy/Kremy do twarzy,None,None,kobieta 
NIVEA Cellular EXPERT LIFT,https://www.ros.net.pl/GalleryImages/product_photos/1280_720/343259_395579_1280_720.png,"zaawansowany krem przeciwzmarszczkowy na dzień50 ml, nr kat. 395579",62.99,46.99,"https://www.rossmann.pl/Produkt/Kremy-do-twarzy/Nivea-Cellular-EXPERT-LIFT-zaawansowany-krem-przeciwzmarszczkowy-na-dzien-50-ml,395579,9223",Available online,Twarz/Pielęgnacja twarzy/Kremy do twarzy,None,None,kobieta 
NIVEA Cellular EXPERT LIFT,https://www.ros.net.pl/GalleryImages/product_photos/1280_720/343268_394832_1280_720.png,"zaawansowany krem na noc przeciwzmarszczkowy50 ml, nr kat. 394832",62.99,46.99,"https://www.rossmann.pl/Produkt/Kremy-do-twarzy/Nivea-Cellular-EXPERT-LIFT-zaawansowany-krem-na-noc-przeciwzmarszczkowy-50-ml,394832,9223",Available online,Twarz/Pielęgnacja twarzy/Kremy do twarzy,None,None,kobieta 
YOSKINE BIO Collagen,https://www.ros.net.pl/GalleryImages/product_photos/1280_720/319345_370025_1280_720.png,"przeciwzmarszczkowy biokrem liftingujący na dzień 50+50 ml, nr kat. 370025",59.99,43.99,"https://www.rossmann.pl/Produkt/Kremy-do-twarzy/Yoskine-BIO-Collagen-przeciwzmarszczkowy-biokrem-liftingujacy-na-dzien-50-50-ml,370025,9223",Available online,Twarz/Pielęgnacja twarzy/Kremy do twarzy,None,None,kobieta 
ONLYBIO Ritualia Tranquilty,https://www.ros.net.pl/GalleryImages/product_photos/1280_720/310161_368089_1280_720_101513.png,"serum do twarzy30 ml, nr kat. 368089",53.99,33.99,"https://www.rossmann.pl/Produkt/Serum/Onlybio-Ritualia-Tranquilty-serum-do-twarzy-30-ml,368089,9225",Available online,Twarz/Pielęgnacja twarzy/Serum,None,None,None
ONLYBIO Ritualia Tranquilty,https://www.ros.net.pl/GalleryImages/product_photos/1280_720/310069_367468_1280_720_101513.png,"serum do twarzy30 ml, nr kat. 367468",53.99,33.99,"https://www.rossmann.pl/Produkt/Serum/Onlybio-Ritualia-Tranquilty-serum-do-twarzy-30-ml,367468,9225",Available online,Twarz/Pielęgnacja twarzy/Serum,None,None,None
ONLYBIO Ritualia Tranquilty,https://www.ros.net.pl/GalleryImages/product_photos/1280_720/310078_367467_1280_720_101513.png,"krem pod oczy 15 ml, nr kat. 367467",48.99,29.99,"https://www.rossmann.pl/Produkt/Kremy-pod-oczy/Onlybio-Ritualia-Tranquilty-krem-pod-oczy-15-ml,367467,9224",Available online,Twarz/Pielęgnacja twarzy/Kremy pod oczy,None,None,None
ONLYBIO Ritualia Tranquilty,https://www.ros.net.pl/GalleryImages/product_photos/1280_720/310152_368090_1280_720_101513.png,"krem brzoskwiniowy na dzień50 ml, nr kat. 368090",53.99,33.99,"https://www.rossmann.pl/Produkt/Kremy-do-twarzy/Onlybio-Ritualia-Tranquilty-krem-brzoskwiniowy-na-dzien-50-ml,368090,9223",Available online,Twarz/Pielęgnacja twarzy/Kremy do twarzy,None,None,kobieta 
ONLYBIO Ritualia Tranquilty,https://www.ros.net.pl/GalleryImages/product_photos/1280_720/310143_368091_1280_720_101513.png,"krem z 7 wyciągami odmładzającymi na noc50 ml, nr kat. 368091",53.99,33.99,"https://www.rossmann.pl/Produkt/Kremy-do-twarzy/Onlybio-Ritualia-Tranquilty-krem-z-7-wyciagami-odmladzajacymi-na-noc-50-ml,368091,9223",Available online,Twarz/Pielęgnacja twarzy/Kremy do twarzy,None,None,kobieta 
NIVEA Cellular PROFESSIONAL,https://www.ros.net.pl/GalleryImages/product_photos/1280_720/343293_394828_1280_720.png,"serum do twarzy odpowiednie dla wszystkich typów skóry30 ml, nr kat. 394828",59.99,43.99,"https://www.rossmann.pl/Produkt/Serum/Nivea-Cellular-PROFESSIONAL-serum-do-twarzy-odpowiednie-dla-wszystkich-typow-skory-30-ml,394828,9225",Available online,Twarz/Pielęgnacja twarzy/Serum,None,None,None
NIVEA Cellular PROFESSIONAL,https://www.ros.net.pl/GalleryImages/product_photos/1280_720/343298_394829_1280_720.png,"serum do twarzy odpowiednie dla wszystkich typów skóry30 ml, nr kat. 394829",59.99,43.99,"https://www.rossmann.pl/Produkt/Serum/Nivea-Cellular-PROFESSIONAL-serum-do-twarzy-odpowiednie-dla-wszystkich-typow-skory-30-ml,394829,9225",Available online,Twarz/Pielęgnacja twarzy/Serum,None,None,None
NIVEA Hyaluron Cellular Filler,https://www.ros.net.pl/GalleryImages/product_photos/1280_720/302392_178250_1280_720_97817.png,"przeciwzmarszczkowy krem pod oczy15 ml, nr kat. 178250",59.99,42.99,"https://www.rossmann.pl/Produkt/Kremy-pod-oczy/Nivea-Hyaluron-Cellular-Filler-przeciwzmarszczkowy-krem-pod-oczy-15-ml,178250,9224",Available online,Twarz/Pielęgnacja twarzy/Kremy pod oczy,None,None,None
NIVEA Hyaluron Cellular Filler,https://www.ros.net.pl/GalleryImages/product_photos/1280_720/302375_178242_1280_720_97817.png,"krem przeciwzmarszczkowy na dzień SPF 1550 ml, nr kat. 178242",59.99,42.99,"https://www.rossmann.pl/Produkt/Kremy-do-twarzy/Nivea-Hyaluron-Cellular-Filler-krem-przeciwzmarszczkowy-na-dzien-SPF-15-50-ml,178242,9223",Available online,Twarz/Pielęgnacja twarzy/Kremy do twarzy,None,None,kobieta 
NIVEA Hyaluron Cellular Filler,https://www.ros.net.pl/GalleryImages/product_photos/1280_720/302379_178246_1280_720_97817.png,"krem przeciwzmarszczkowy na noc50 ml, nr kat. 178246",59.99,42.99,"https://www.rossmann.pl/Produkt/Kremy-do-twarzy/Nivea-Hyaluron-Cellular-Filler-krem-przeciwzmarszczkowy-na-noc-50-ml,178246,9223",Available online,Twarz/Pielęgnacja twarzy/Kremy do twarzy,None,None,kobieta 
PERFECTA Bio Retinol,https://www.ros.net.pl/GalleryImages/product_photos/1280_720/319317_358089_1280_720.png,"krem przeciwzmarszczkowy pod oczy, 50/60+15 ml, nr kat. 358089",26.99,19.99,"https://www.rossmann.pl/Produkt/Kremy-pod-oczy/Perfecta-Bio-Retinol-krem-przeciwzmarszczkowy-pod-oczy-50-60-15-ml,358089,9224",Available online,Twarz/Pielęgnacja twarzy/Kremy pod oczy,None,None,None
PERFECTA Bio Retinol,https://www.ros.net.pl/GalleryImages/product_photos/1280_720/319311_358087_1280_720.png,"krem przeciwzmarszczkowy na dzień i na noc, 50+50 ml, nr kat. 358087",31.99,23.49,"https://www.rossmann.pl/Produkt/Kremy-do-twarzy/Perfecta-Bio-Retinol-krem-przeciwzmarszczkowy-na-dzien-i-na-noc-50-50-ml,358087,9223",Available online,Twarz/Pielęgnacja twarzy/Kremy do twarzy,None,None,kobieta 
PERFECTA Neo-Elixir Młodości,https://www.ros.net.pl/GalleryImages/product_photos/1280_720/319321_369984_1280_720.png,"rozświetlający krem pod oczy15 ml, nr kat. 369984",26.99,19.99,"https://www.rossmann.pl/Produkt/Kremy-pod-oczy/Perfecta-Neo-Elixir-Mlodosci-rozswietlajacy-krem-pod-oczy-15-ml,369984,9224",Available online,Twarz/Pielęgnacja twarzy/Kremy pod oczy,None,None,None
PERFECTA Neo-Elixir Młodości,https://www.ros.net.pl/GalleryImages/product_photos/1280_720/314362_369987_1280_720.png,"krem przeciwzmarszczkowy na dzień i na noc, 50+50 ml, nr kat. 369987",33.99,24.99,"https://www.rossmann.pl/Produkt/Kremy-do-twarzy/Perfecta-Neo-Elixir-Mlodosci-krem-przeciwzmarszczkowy-na-dzien-i-na-noc-50-50-ml,369987,9223",Available online,Twarz/Pielęgnacja twarzy/Kremy do twarzy,None,None,kobieta 
PERFECTA Neo-Elixir Młodości,https://www.ros.net.pl/GalleryImages/product_photos/1280_720/314361_369989_1280_720.png,"krem przeciwzmarszczkowy na dzień i na noc, 60+50 ml, nr kat. 369989",33.99,24.99,"https://www.rossmann.pl/Produkt/Kremy-do-twarzy/Perfecta-Neo-Elixir-Mlodosci-krem-przeciwzmarszczkowy-na-dzien-i-na-noc-60-50-ml,369989,9223",Available online,Twarz/Pielęgnacja twarzy/Kremy do twarzy,None,None,kobieta 
PERFECTA Neo-Elixir Młodości,https://www.ros.net.pl/GalleryImages/product_photos/1280_720/314360_369990_1280_720.png,"krem przeciwzmarszczkowy na dzień i na noc, 70+50 ml, nr kat. 369990",33.99,24.99,"https://www.rossmann.pl/Produkt/Kremy-do-twarzy/Perfecta-Neo-Elixir-Mlodosci-krem-przeciwzmarszczkowy-na-dzien-i-na-noc-70-50-ml,369990,9223",Available online,Twarz/Pielęgnacja twarzy/Kremy do twarzy,None,None,kobieta 
CHRISTIAN LAURENT Bakuchiol,https://www.ros.net.pl/GalleryImages/product_photos/1280_720/273637_357730_1280_720_89242.png,"przeciwzmarszczkowy krem-lifting silnie ujędrniający, na dzień i na noc, 40+50 ml, nr kat. 357730",45.99,28.99,"https://www.rossmann.pl/Produkt/Kremy-do-twarzy/Christian-Laurent-Bakuchiol-przeciwzmarszczkowy-krem-lifting-silnie-ujedrniajacy-na-dzien-i-na-noc,357730,9223",Available online,Twarz/Pielęgnacja twarzy/Kremy do twarzy,None,None,kobieta 
I'M NATURIKKE,https://www.ros.net.pl/GalleryImages/product_photos/1280_720/328789_381452_1280_720.png,"krem na dzień 50 ml, nr kat. 381452",29.99,21.49,"https://www.rossmann.pl/Produkt/Kremy-do-twarzy/Im-NATURIKKE-krem-na-dzien-50-ml,381452,9223",Available online,Twarz/Pielęgnacja twarzy/Kremy do twarzy,None,None,kobieta 
I'M NATURIKKE,https://www.ros.net.pl/GalleryImages/product_photos/1280_720/328798_381453_1280_720.png,"krem na noc 50 ml, nr kat. 381453",29.99,21.49,"https://www.rossmann.pl/Produkt/Kremy-do-twarzy/Im-NATURIKKE-krem-na-noc-50-ml,381453,9223",Available online,Twarz/Pielęgnacja twarzy/Kremy do twarzy,None,None,kobieta 
I'M NATURIKKE,https://www.ros.net.pl/GalleryImages/product_photos/1280_720/328780_381395_1280_720.png,"kojący krem pod oczy15 ml, nr kat. 381395",24.99,17.99,"https://www.rossmann.pl/Produkt/Kremy-pod-oczy/Im-NATURIKKE-kojacy-krem-pod-oczy-15-ml,381395,9224",Available online,Twarz/Pielęgnacja twarzy/Kremy pod oczy,None,None,None
I'M NATURIKKE,https://www.ros.net.pl/GalleryImages/product_photos/1280_720/328762_381397_1280_720.png,"krem na dzień bakuchiol + skwalan50 ml, nr kat. 381397",29.99,21.49,"https://www.rossmann.pl/Produkt/Kremy-do-twarzy/Im-NATURIKKE-krem-na-dzien-bakuchiol-skwalan-50-ml,381397,9223",Available online,Twarz/Pielęgnacja twarzy/Kremy do twarzy,None,None,kobieta 
I'M NATURIKKE,https://www.ros.net.pl/GalleryImages/product_photos/1280_720/328771_381396_1280_720.png,"krem na noc bakuchiol + skwalan50 ml, nr kat. 381396",29.99,21.49,"https://www.rossmann.pl/Produkt/Kremy-do-twarzy/Im-NATURIKKE-krem-na-noc-bakuchiol-skwalan-50-ml,381396,9223",Available online,Twarz/Pielęgnacja twarzy/Kremy do twarzy,None,None,kobieta 
EVELINE COSMETICS bioManuka Lift,https://www.ros.net.pl/GalleryImages/product_photos/1280_720/201252_319027_1280_720_102275.png,"odżywczo-wygładzający krem-kuracja pod oczy i na powieki, 50-70+20 ml, nr kat. 319027",22.99,14.99,"https://www.rossmann.pl/Produkt/Kremy-pod-oczy/Eveline-Cosmetics-bioManuka-Lift-odzywczo-wygladzajacy-krem-kuracja-pod-oczy-i-na-powieki-50-70-,319027,9224",Available online,Twarz/Pielęgnacja twarzy/Kremy pod oczy,None,None,None
EVELINE COSMETICS bioManuka Lift,https://www.ros.net.pl/GalleryImages/product_photos/1280_720/311650_319016_1280_720_102275.png,"ujędrniający krem-kuracja redukujący zmarszczki na dzień i na noc, 50+50 ml, nr kat. 319016",25.99,15.99,"https://www.rossmann.pl/Produkt/Kremy-do-twarzy/Eveline-Cosmetics-bioManuka-Lift-ujedrniajacy-krem-kuracja-redukujacy-zmarszczki-na-dzien-i-na-noc,319016,9223",Available online,Twarz/Pielęgnacja twarzy/Kremy do twarzy,None,None,kobieta 
EVELINE COSMETICS bioManuka Lift,https://www.ros.net.pl/GalleryImages/product_photos/1280_720/311654_319019_1280_720_102275.png,"liftingujący krem-kuracja modelujący owal twarzy na dzień i na noc, 60+50 ml, nr kat. 319019",25.99,15.99,"https://www.rossmann.pl/Produkt/Kremy-do-twarzy/Eveline-Cosmetics-bioManuka-Lift-liftingujacy-krem-kuracja-modelujacy-owal-twarzy-na-dzien-i-na-no,319019,9223",Available online,Twarz/Pielęgnacja twarzy/Kremy do twarzy,None,None,kobieta 
EVELINE COSMETICS bioManuka Lift,https://www.ros.net.pl/GalleryImages/product_photos/1280_720/201248_319026_1280_720_102275.png,"odbudowujący krem-kuracja przywracający gęstość skóry na dzień i na noc, 70+50 ml, nr kat. 319026",25.99,15.99,"https://www.rossmann.pl/Produkt/Kremy-do-twarzy/Eveline-Cosmetics-bioManuka-Lift-odbudowujacy-krem-kuracja-przywracajacy-gestosc-skory-na-dzien-i-n,319026,9223",Available online,Twarz/Pielęgnacja twarzy/Kremy do twarzy,None,None,kobieta 
BIELENDA Złote Ceramidy,https://www.ros.net.pl/GalleryImages/product_photos/1280_720/321854_378765_1280_720.png,"przeciwzmarszczkowy krem liftingująco-regenerujący na dzień i na noc, 50+50 ml, nr kat. 378765",27.49,19.99,"https://www.rossmann.pl/Produkt/Kremy-do-twarzy/Bielenda-Zlote-Ceramidy-przeciwzmarszczkowy-krem-liftingujaco-regenerujacy-na-dzien-i-na-noc-50-,378765,9223",Available online,Twarz/Pielęgnacja twarzy/Kremy do twarzy,None,None,kobieta 
BIELENDA Złote Ceramidy,https://www.ros.net.pl/GalleryImages/product_photos/1280_720/321859_378766_1280_720.png,"przeciwzmarszczkowy krem głęboko odbudowujący na dzień i na noc, 60+50 ml, nr kat. 378766",27.49,19.99,"https://www.rossmann.pl/Produkt/Kremy-do-twarzy/Bielenda-Zlote-Ceramidy-przeciwzmarszczkowy-krem-gleboko-odbudowujacy-na-dzien-i-na-noc-60-50-ml,378766,9223",Available online,Twarz/Pielęgnacja twarzy/Kremy do twarzy,None,None,kobieta 
BIELENDA Złote Ceramidy,https://www.ros.net.pl/GalleryImages/product_photos/1280_720/321864_378767_1280_720.png,"przeciwzmarszczkowy krem ultra naprawczy na dzień i na noc, 70+50 ml, nr kat. 378767",27.49,19.99,"https://www.rossmann.pl/Produkt/Kremy-do-twarzy/Bielenda-Zlote-Ceramidy-przeciwzmarszczkowy-krem-ultra-naprawczy-na-dzien-i-na-noc-70-50-ml,378767,9223",Available online,Twarz/Pielęgnacja twarzy/Kremy do twarzy,None,None,kobieta 
TOŁPA pre age,https://www.ros.net.pl/GalleryImages/product_photos/1280_720/350320_395576_1280_720.png,"nawilżające serum rozświetlające do twarzy20 ml, nr kat. 395576",34.99,22.99,"https://www.rossmann.pl/Produkt/Serum/Tolpa-pre-age-nawilzajace-serum-rozswietlajace-do-twarzy-20-ml,395576,9225",Available online,Twarz/Pielęgnacja twarzy/Serum,None,None,None
TOŁPA pre age,https://www.ros.net.pl/GalleryImages/product_photos/1280_720/350328_395577_1280_720.png,"krem na dzień nawilżająco-wygładzający50 ml, nr kat. 395577",34.99,22.99,"https://www.rossmann.pl/Produkt/Kremy-do-twarzy/Tolpa-pre-age-krem-na-dzien-nawilzajaco-wygladzajacy-50-ml,395577,9223",Available online,Twarz/Pielęgnacja twarzy/Kremy do twarzy,None,None,kobieta 
TOŁPA pre age,https://www.ros.net.pl/GalleryImages/product_photos/1280_720/350332_395578_1280_720.png,"krem na noc regenerująco-wygładzający50 ml, nr kat. 395578",34.99,22.99,"https://www.rossmann.pl/Produkt/Kremy-do-twarzy/Tolpa-pre-age-krem-na-noc-regenerujaco-wygladzajacy-50-ml,395578,9223",Available online,Twarz/Pielęgnacja twarzy/Kremy do twarzy,None,None,kobieta 
L'ORÉAL PARIS Hyaluron Specialist,https://www.ros.net.pl/GalleryImages/product_photos/1280_720/337953_325591_1280_720.png,"krem pod oczy, wypełniająca kuracja nawilżająca15 ml, nr kat. 325591",31.99,23.99,"https://www.rossmann.pl/Produkt/Kremy-pod-oczy/LOreal-Paris-Hyaluron-Specialist-krem-pod-oczy-wypelniajaca-kuracja-nawilzajaca-15-ml,325591,9224",Available online,Twarz/Pielęgnacja twarzy/Kremy pod oczy,None,None,None
L'ORÉAL PARIS Hyaluron Specialist,https://www.ros.net.pl/GalleryImages/product_photos/1280_720/337961_379183_1280_720.png,"skoncentrowany żel nawilżający z kwasem hialuronowym50 ml, nr kat. 379183",35.99,25.49,"https://www.rossmann.pl/Produkt/Zele-i-pianki-do-twarzy/LOreal-Paris-Hyaluron-Specialist-skoncentrowany-zel-nawilzajacy-z-kwasem-hialuronowym-50-ml,379183,8690",Available online,Twarz/Oczyszczanie i demakijaż/Żele i pianki do twarzy,None,None,None
L'ORÉAL PARIS Hyaluron Specialist,https://www.ros.net.pl/GalleryImages/product_photos/1280_720/337955_325593_1280_720.png,"wypełniający krem nawilżający na dzień50 ml, nr kat. 325593",31.99,23.99,"https://www.rossmann.pl/Produkt/Kremy-do-twarzy/LOreal-Paris-Hyaluron-Specialist-wypelniajacy-krem-nawilzajacy-na-dzien-50-ml,325593,9223",Available online,Twarz/Pielęgnacja twarzy/Kremy do twarzy,None,None,kobieta 
L'ORÉAL PARIS Hyaluron Specialist,https://www.ros.net.pl/GalleryImages/product_photos/1280_720/337954_325592_1280_720.png,"krem maska na noc, wypełniająca i nawilżająca50 ml, nr kat. 325592",31.99,23.99,"https://www.rossmann.pl/Produkt/Maseczki/LOreal-Paris-Hyaluron-Specialist-krem-maska-na-noc-wypelniajaca-i-nawilzajaca-50-ml,325592,9226",Available online,Twarz/Pielęgnacja twarzy/Maseczki,None,None,None
LIRENE Acid Power,https://www.ros.net.pl/GalleryImages/product_photos/1280_720/331612_378805_1280_720.png,"serum wygładzające do twarzy każdy rodzaj cery30 ml, nr kat. 378805",26.99,19.99,"https://www.rossmann.pl/Produkt/Serum/Lirene-Acid-Power-serum-wygladzajace-do-twarzy-kazdy-rodzaj-cery-30-ml,378805,9225",Available online,Twarz/Pielęgnacja twarzy/Serum,None,None,None
ME+,https://www.ros.net.pl/GalleryImages/product_photos/1280_720/318513_370199_1280_720.png,"serum do twarzy z kwasem traneksamowym 2,5%30 ml, nr kat. 370199",31.99,22.49,"https://www.rossmann.pl/Produkt/Serum/ME-serum-do-twarzy-z-kwasem-traneksamowym-2-5-30-ml,370199,9225",Available online,Twarz/Pielęgnacja twarzy/Serum,None,None,None
LIRENE Acid Power,https://www.ros.net.pl/GalleryImages/product_photos/1280_720/331607_378794_1280_720.png,"wypełniający krem przeciwzmarszczkowy na dzień i na noc, każdy rodzaj cery50 ml, nr kat. 378794",26.99,19.99,"https://www.rossmann.pl/Produkt/Kremy-do-twarzy/Lirene-Acid-Power-wypelniajacy-krem-przeciwzmarszczkowy-na-dzien-i-na-noc-kazdy-rodzaj-cery-50-ml,378794,9223",Available online,Twarz/Pielęgnacja twarzy/Kremy do twarzy,None,None,kobieta 
ME+,https://www.ros.net.pl/GalleryImages/product_photos/1280_720/318514_370204_1280_720.png,"serum do twarzy SPF 3030 ml, nr kat. 370204",31.99,22.49,"https://www.rossmann.pl/Produkt/Serum/ME-serum-do-twarzy-SPF-30-30-ml,370204,9225",Available online,Twarz/Pielęgnacja twarzy/Serum,None,None,None
LIRENE Acid Power,https://www.ros.net.pl/GalleryImages/product_photos/1280_720/331610_378800_1280_720.png,"serum nawilżające z kwasem hialuronowym cera sucha i naczynkowa, hydrolatem z bławatka30 ml, nr kat. 378800",26.99,19.99,"https://www.rossmann.pl/Produkt/Serum/Lirene-Acid-Power-serum-nawilzajace-z-kwasem-hialuronowym-cera-sucha-i-naczynkowa-hydrolatem-z-bla,378800,9225",Available online,Twarz/Pielęgnacja twarzy/Serum,None,None,None
ME+,https://www.ros.net.pl/GalleryImages/product_photos/1280_720/318512_370201_1280_720.png,"serum do twarzy z kwasem poliglutaminowym 1%30 ml, nr kat. 370201",31.99,22.49,"https://www.rossmann.pl/Produkt/Serum/ME-serum-do-twarzy-z-kwasem-poliglutaminowym-1-30-ml,370201,9225",Available online,Twarz/Pielęgnacja twarzy/Serum,None,None,None
LIRENE Acid Power,https://www.ros.net.pl/GalleryImages/product_photos/1280_720/331609_378793_1280_720.png,"nawilżający krem wygładzający na dzień i na noc cera sucha i naczynkowa, z hydrolatem z bławatka50 ml, nr kat. 378793",26.99,19.99,"https://www.rossmann.pl/Produkt/Kremy-do-twarzy/Lirene-Acid-Power-nawilzajacy-krem-wygladzajacy-na-dzien-i-na-noc-cera-sucha-i-naczynkowa-z-hydr,378793,9223",Available online,Twarz/Pielęgnacja twarzy/Kremy do twarzy,None,None,kobieta 
ME+,https://www.ros.net.pl/GalleryImages/product_photos/1280_720/318510_370191_1280_720.png,"serum do twarzy z kwasem hialuronowym 2%30 ml, nr kat. 370191",27.99,19.99,"https://www.rossmann.pl/Produkt/Serum/ME-serum-do-twarzy-z-kwasem-hialuronowym-2-30-ml,370191,9225",Available online,Twarz/Pielęgnacja twarzy/Serum,None,None,None
LIRENE Acid Power,https://www.ros.net.pl/GalleryImages/product_photos/1280_720/331611_381435_1280_720.png,"serum złuszczające z hydrolatem grejpfrutowym ceraz przebarwieniami i trądzikowa30 ml, nr kat. 381435",26.99,19.99,"https://www.rossmann.pl/Produkt/Serum/Lirene-Acid-Power-serum-zluszczajace-z-hydrolatem-grejpfrutowym-ceraz-przebarwieniami-i-tradzikowa-,381435,9225",Available online,Twarz/Pielęgnacja twarzy/Serum,None,None,None
ME+,https://www.ros.net.pl/GalleryImages/product_photos/1280_720/318511_370197_1280_720.png,"serum do twarzy, niacynamid 10% i cynk 1,5%30 ml, nr kat. 370197",27.99,19.99,"https://www.rossmann.pl/Produkt/Serum/ME-serum-do-twarzy-niacynamid-10-i-cynk-1-5-30-ml,370197,9225",Available online,Twarz/Pielęgnacja twarzy/Serum,None,None,None
LIRENE Acid Power,https://www.ros.net.pl/GalleryImages/product_photos/1280_720/331608_381434_1280_720.png,"rewitalizujący krem wyrównujący koloryt na dzień i na noc, cera z przebarwieniami50 ml, nr kat. 381434",26.99,19.99,"https://www.rossmann.pl/Produkt/Kremy-do-twarzy/Lirene-Acid-Power-rewitalizujacy-krem-wyrownujacy-koloryt-na-dzien-i-na-noc-cera-z-przebarwieniami,381434,9223",Available online,Twarz/Pielęgnacja twarzy/Kremy do twarzy,None,None,kobieta 
ISANA Vitamin Booster,https://www.ros.net.pl/GalleryImages/product_photos/1280_720/315373_317776_1280_720_104286.png,"ampułki z retinolem witaminą C i witaminą E7x2 ml, nr kat. 317776",31.99,22.49,"https://www.rossmann.pl/Produkt/Serum/Isana-Vitamin-Booster-ampulki-z-retinolem-witamina-C-i-witamina-E-7x2-ml,317776,9225",Available online,Twarz/Pielęgnacja twarzy/Serum,None,None,None
ISANA,https://www.ros.net.pl/GalleryImages/product_photos/1280_720/325714_377724_1280_720.png,"ampułki z prowitaminą B57x2 ml, nr kat. 377724",23.99,16.99,"https://www.rossmann.pl/Produkt/Serum/Isana-ampulki-z-prowitamina-B5-7x2-ml,377724,9225",Available online,Twarz/Pielęgnacja twarzy/Serum,None,None,None
ISANA Hyaluron Booster,https://www.ros.net.pl/GalleryImages/product_photos/1280_720/239196_180073_1280_720_76882.png,"ampułki koncentrat nawilżający7x2 ml, nr kat. 180073",23.99,16.99,"https://www.rossmann.pl/Produkt/Serum/Isana-Hyaluron-Booster-ampulki-koncentrat-nawilzajacy-7x2-ml,180073,9225",Available online,Twarz/Pielęgnacja twarzy/Serum,None,None,None
ISANA Q10,https://www.ros.net.pl/GalleryImages/product_photos/1280_720/172313_188189_1280_720_47196.png,"ampułki, koncentrat przeciwzmarszczkowy7×2 ml, nr kat. 188189",23.99,16.99,"https://www.rossmann.pl/Produkt/Serum/Isana-Q10-ampulki-koncentrat-przeciwzmarszczkowy-72-ml,188189,9225",Available online,Twarz/Pielęgnacja twarzy/Serum,None,None,None
ISANA Q10,https://www.ros.net.pl/GalleryImages/product_photos/1280_720/302728_194846_1280_720_99113.png,"przeciwzmarszczkowe kapsułki pielęgnacyjne z kompleksem anti-age7 szt., nr kat. 194846",9.49,6.69,"https://www.rossmann.pl/Produkt/Serum/Isana-Q10-przeciwzmarszczkowe-kapsulki-pielegnacyjne-z-kompleksem-anti-age-7-szt,194846,9225",Available online,Twarz/Pielęgnacja twarzy/Serum,None,None,None
ISANA Night & Beauty,https://www.ros.net.pl/GalleryImages/product_photos/1280_720/347343_393647_1280_720.png,"kapsułki z retinolem do twarzy1 szt., nr kat. 393647",9.49,6.69,"https://www.rossmann.pl/Produkt/Serum/Isana-Night-Beauty-kapsulki-z-retinolem-do-twarzy-1-szt,393647,9225",Available online,Twarz/Pielęgnacja twarzy/Serum,None,None,None
ALTERRA,https://www.ros.net.pl/GalleryImages/product_photos/1280_720/347424_340617_1280_720.png,"booster hialuronowy15 ml, nr kat. 340617",18.99,13.49,"https://www.rossmann.pl/Produkt/Serum/Alterra-booster-hialuronowy-15-ml,340617,9225",Available online,Twarz/Pielęgnacja twarzy/Serum,None,None,None
ALTERRA,https://www.ros.net.pl/GalleryImages/product_photos/1280_720/317465_340618_1280_720_105927.png,"serum z witaminami triple vitamin booster15 ml, nr kat. 340618",18.99,13.49,"https://www.rossmann.pl/Produkt/Serum/Alterra-serum-z-witaminami-triple-vitamin-booster-15-ml,340618,9225",Available online,Twarz/Pielęgnacja twarzy/Serum,None,None,None
L'ORÉAL PARIS Ekspert Wieku 40+,https://www.ros.net.pl/GalleryImages/product_photos/1280_720/42467_223563_1280_720.png,"przeciwzmarszczkowy krem wygładzający na dzień50 ml, nr kat. 223563",29.99,16.99,"https://www.rossmann.pl/Produkt/Kremy-do-twarzy/LOreal-Paris-Ekspert-Wieku-40-przeciwzmarszczkowy-krem-wygladzajacy-na-dzien-50-ml,223563,9223",Available online,Twarz/Pielęgnacja twarzy/Kremy do twarzy,5.0,6,kobieta 
L'ORÉAL PARIS Ekspert Wieku 40+,https://www.ros.net.pl/GalleryImages/product_photos/1280_720/42460_223564_1280_720.png,"przeciwzmarszczkowy krem wygładzający na noc50 ml, nr kat. 223564",29.99,16.99,"https://www.rossmann.pl/Produkt/Kremy-do-twarzy/LOreal-Paris-Ekspert-Wieku-40-przeciwzmarszczkowy-krem-wygladzajacy-na-noc-50-ml,223564,9223",Available online,Twarz/Pielęgnacja twarzy/Kremy do twarzy,5.0,6,kobieta 
BEBIO Ewa Chodakowska,https://www.ros.net.pl/GalleryImages/product_photos/1280_720/319978_382364_1280_720.png,"naturalny krem do twarzy 50+ odżywczy na dzień i na noc50 ml, nr kat. 382364",25.49,18.99,"https://www.rossmann.pl/Produkt/Kremy-do-twarzy/beBIO-Ewa-Chodakowska-naturalny-krem-do-twarzy-50-odzywczy-na-dzien-i-na-noc-50-ml,382364,9223",Available online,Twarz/Pielęgnacja twarzy/Kremy do twarzy,None,None,kobieta 
BIELENDA Royal Bee Elixir,https://www.ros.net.pl/GalleryImages/product_photos/1280_720/311175_372615_1280_720_102131.png,"przeciwzmarszczkowe serum aktywnie rewitalizujące na dzień i na noc30 ml, nr kat. 372615",29.99,21.49,"https://www.rossmann.pl/Produkt/Serum/Bielenda-Royal-Bee-Elixir-przeciwzmarszczkowe-serum-aktywnie-rewitalizujace-na-dzien-i-na-noc-30-m,372615,9225",Available online,Twarz/Pielęgnacja twarzy/Serum,None,None,None
BEBIO Ewa Chodakowska,https://www.ros.net.pl/GalleryImages/product_photos/1280_720/319983_382367_1280_720.png,"naturalny krem do twarzy 50+ wygłądzający na dzień50 ml, nr kat. 382367",25.49,18.99,"https://www.rossmann.pl/Produkt/Kremy-do-twarzy/beBIO-Ewa-Chodakowska-naturalny-krem-do-twarzy-50-wygladzajacy-na-dzien-50-ml,382367,9223",Available online,Twarz/Pielęgnacja twarzy/Kremy do twarzy,None,None,kobieta 
BIELENDA Royal Bee Elixir,https://www.ros.net.pl/GalleryImages/product_photos/1280_720/311179_372614_1280_720_102131.png,"silnie ujędrniający krem przeciwzmarszczkowy pod oczy15 ml, nr kat. 372614",20.99,14.99,"https://www.rossmann.pl/Produkt/Kremy-pod-oczy/Bielenda-Royal-Bee-Elixir-silnie-ujedrniajacy-krem-przeciwzmarszczkowy-pod-oczy-15-ml,372614,9224",Available online,Twarz/Pielęgnacja twarzy/Kremy pod oczy,None,None,None
BEBIO Ewa Chodakowska,https://www.ros.net.pl/GalleryImages/product_photos/1280_720/319988_382368_1280_720.png,"naturalny krem do twarzy 50+ ujędrniający na noc50 ml, nr kat. 382368",25.49,18.99,"https://www.rossmann.pl/Produkt/Kremy-do-twarzy/beBIO-Ewa-Chodakowska-naturalny-krem-do-twarzy-50-ujedrniajacy-na-noc-50-ml,382368,9223",Available online,Twarz/Pielęgnacja twarzy/Kremy do twarzy,None,None,kobieta 
BIELENDA Royal Bee Elixir,https://www.ros.net.pl/GalleryImages/product_photos/1280_720/311155_372604_1280_720_102131.png,"przeciwzmarszczkowy krem silnie nawilżający na dzień i na noc, 40+50 ml, nr kat. 372604",27.49,19.99,"https://www.rossmann.pl/Produkt/Kremy-do-twarzy/Bielenda-Royal-Bee-Elixir-przeciwzmarszczkowy-krem-silnie-nawilzajacy-na-dzien-i-na-noc-40-50-ml,372604,9223",Available online,Twarz/Pielęgnacja twarzy/Kremy do twarzy,None,None,kobieta 
AVA LABORATORIUM Stymulator Odnowy Skóry,https://www.ros.net.pl/GalleryImages/product_photos/1280_720/320206_379369_1280_720.png,"serum do twarzy z eliksirem młodości30 ml, nr kat. 379369",25.49,18.99,"https://www.rossmann.pl/Produkt/Serum/Ava-Laboratorium-Stymulator-Odnowy-Skory-serum-do-twarzy-z-eliksirem-mlodosci-30-ml,379369,9225",Available online,Twarz/Pielęgnacja twarzy/Serum,None,None,None
AVA LABORATORIUM Stymulator Odnowy Skóry,https://www.ros.net.pl/GalleryImages/product_photos/1280_720/320211_379373_1280_720.png,"koncentrat wypełniający zmarszczki 50+30 ml, nr kat. 379373",25.49,18.99,"https://www.rossmann.pl/Produkt/Serum/Ava-Laboratorium-Stymulator-Odnowy-Skory-koncentrat-wypelniajacy-zmarszczki-50-30-ml,379373,9225",Available online,Twarz/Pielęgnacja twarzy/Serum,None,None,None
AVA LABORATORIUM Stymulator Odnowy Skóry,https://www.ros.net.pl/GalleryImages/product_photos/1280_720/320201_379366_1280_720.png,"krem pod oczy korygujący zmarszczki15 ml, nr kat. 379366",25.49,18.99,"https://www.rossmann.pl/Produkt/Kremy-pod-oczy/Ava-Laboratorium-Stymulator-Odnowy-Skory-krem-pod-oczy-korygujacy-zmarszczki-15-ml,379366,9224",Available online,Twarz/Pielęgnacja twarzy/Kremy pod oczy,None,None,None
AVA LABORATORIUM Stymulator Odnowy Skóry,https://www.ros.net.pl/GalleryImages/product_photos/1280_720/320184_379363_1280_720.png,"krem do twarzy na dzień i na noc efekt liftingu i wygładzenia, 50+50 ml, nr kat. 379363",25.49,18.99,"https://www.rossmann.pl/Produkt/Kremy-do-twarzy/Ava-Laboratorium-Stymulator-Odnowy-Skory-krem-do-twarzy-na-dzien-i-na-noc-efekt-liftingu-i-wygladz,379363,9223",Available online,Twarz/Pielęgnacja twarzy/Kremy do twarzy,None,None,kobieta 
EVELINE COSMETICS Royal Snail,https://www.ros.net.pl/GalleryImages/product_photos/1280_720/305437_297440_1280_720_100163.png,"skoncentrowany krem rozświetlający pod oczy i na powieki, na dzień i na noc, 30+/40+20 ml, nr kat. 297440",25.99,15.99,"https://www.rossmann.pl/Produkt/Kremy-pod-oczy/Eveline-Cosmetics-Royal-Snail-skoncentrowany-krem-rozswietlajacy-pod-oczy-i-na-powieki-na-dzien-i-,297440,9224",Available online,Twarz/Pielęgnacja twarzy/Kremy pod oczy,None,None,None
AVA LABORATORIUM Stymulator Odnowy Skóry,https://www.ros.net.pl/GalleryImages/product_photos/1280_720/320191_379364_1280_720.png,"krem do twarzy na dzień i na noc efekt redukcji zmarszczek, 50+50 ml, nr kat. 379364",25.49,18.99,"https://www.rossmann.pl/Produkt/Kremy-do-twarzy/Ava-Laboratorium-Stymulator-Odnowy-Skory-krem-do-twarzy-na-dzien-i-na-noc-efekt-redukcji-zmarszcze,379364,9223",Available online,Twarz/Pielęgnacja twarzy/Kremy do twarzy,None,None,kobieta 
EVELINE COSMETICS Royal Snail,https://www.ros.net.pl/GalleryImages/product_photos/1280_720/305427_297432_1280_720_100163.png,"skoncentrowany krem aktywnie wygładzający, na dzień i na noc, każdy rodzaj cery, 30+50 ml, nr kat. 297432",25.99,15.99,"https://www.rossmann.pl/Produkt/Kremy-do-twarzy/Eveline-Cosmetics-Royal-Snail-skoncentrowany-krem-aktywnie-wygladzajacy-na-dzien-i-na-noc-kazdy-r,297432,9223",Available online,Twarz/Pielęgnacja twarzy/Kremy do twarzy,None,None,kobieta 
AVA LABORATORIUM Stymulator Odnowy Skóry,https://www.ros.net.pl/GalleryImages/product_photos/1280_720/320196_379365_1280_720.png,"krem do twarzy na dzień i na noc efekt intensywnej regeneracji, 50+50 ml, nr kat. 379365",25.49,18.99,"https://www.rossmann.pl/Produkt/Kremy-do-twarzy/Ava-Laboratorium-Stymulator-Odnowy-Skory-krem-do-twarzy-na-dzien-i-na-noc-efekt-intensywnej-regene,379365,9223",Available online,Twarz/Pielęgnacja twarzy/Kremy do twarzy,None,None,kobieta 
EVELINE COSMETICS Royal Snail,https://www.ros.net.pl/GalleryImages/product_photos/1280_720/305429_297433_1280_720_100163.png,"skoncentrowany krem przeciwzmarszczkowy na dzień i na noc, każdy rodzaj cery, 40+50 ml, nr kat. 297433",25.99,15.99,"https://www.rossmann.pl/Produkt/Kremy-do-twarzy/Eveline-Cosmetics-Royal-Snail-skoncentrowany-krem-przeciwzmarszczkowy-na-dzien-i-na-noc-kazdy-rod,297433,9223",Available online,Twarz/Pielęgnacja twarzy/Kremy do twarzy,4.5,32,kobieta 
EFEKTIMA Tremella,https://www.ros.net.pl/GalleryImages/product_photos/1280_720/320131_378889_1280_720.png,"przeciwzmarszczkowy krem pod oczy na dzień i noc, 50+15 ml, nr kat. 378889",25.49,18.99,"https://www.rossmann.pl/Produkt/Kremy-pod-oczy/Efektima-Tremella-przeciwzmarszczkowy-krem-pod-oczy-na-dzien-i-noc-50-15-ml,378889,9224",Available online,Twarz/Pielęgnacja twarzy/Kremy pod oczy,None,None,None
EFEKTIMA Tremella,https://www.ros.net.pl/GalleryImages/product_photos/1280_720/320126_378880_1280_720.png,"krem na dzień i na noc, nawilżenie i odżywienie, 50+50 ml, nr kat. 378880",25.49,18.99,"https://www.rossmann.pl/Produkt/Kremy-do-twarzy/Efektima-Tremella-krem-na-dzien-i-na-noc-nawilzenie-i-odzywienie-50-50-ml,378880,9223",Available online,Twarz/Pielęgnacja twarzy/Kremy do twarzy,None,None,kobieta 
EFEKTIMA Tremella,https://www.ros.net.pl/GalleryImages/product_photos/1280_720/320143_378882_1280_720.png,"krem na dzień i noc, wygładzenie i regeneracja, 50+50 ml, nr kat. 378882",25.49,18.99,"https://www.rossmann.pl/Produkt/Kremy-do-twarzy/Efektima-Tremella-krem-na-dzien-i-noc-wygladzenie-i-regeneracja-50-50-ml,378882,9223",Available online,Twarz/Pielęgnacja twarzy/Kremy do twarzy,None,None,kobieta 
EFEKTIMA Tremella,https://www.ros.net.pl/GalleryImages/product_photos/1280_720/320142_378884_1280_720.png,"przeciwzmarszczkowy krem na dzień i na noc, 50+50 ml, nr kat. 378884",25.49,18.99,"https://www.rossmann.pl/Produkt/Kremy-do-twarzy/Efektima-Tremella-przeciwzmarszczkowy-krem-na-dzien-i-na-noc-50-50-ml,378884,9223",Available online,Twarz/Pielęgnacja twarzy/Kremy do twarzy,None,None,kobieta 
NEUTROGENA Bright Boost,https://www.ros.net.pl/GalleryImages/product_photos/1280_720/315636_370546_1280_720_104574.png,"rozświetlające serum30 ml, nr kat. 370546",62.99,46.99,"https://www.rossmann.pl/Produkt/Serum/Neutrogena-Bright-Boost-rozswietlajace-serum-30-ml,370546,9225",Available online,Twarz/Pielęgnacja twarzy/Serum,None,None,None
NEUTROGENA Bright Boost,https://www.ros.net.pl/GalleryImages/product_photos/1280_720/315638_370547_1280_720_104574.png,"ochronny żel SPF 3050 ml, nr kat. 370547",62.99,46.99,"https://www.rossmann.pl/Produkt/Kremy-do-twarzy/Neutrogena-Bright-Boost-ochronny-zel-SPF-30-50-ml,370547,9223",Available online,Twarz/Pielęgnacja twarzy/Kremy do twarzy,None,None,kobieta 
NEUTROGENA Bright Boost,https://www.ros.net.pl/GalleryImages/product_photos/1280_720/311915_370548_1280_720_104574.png,"żel krem rozświetlający50 ml, nr kat. 370548",62.99,46.99,"https://www.rossmann.pl/Produkt/Kremy-do-twarzy/Neutrogena-Bright-Boost-zel-krem-rozswietlajacy-50-ml,370548,9223",Available online,Twarz/Pielęgnacja twarzy/Kremy do twarzy,None,None,kobieta 
NEUTROGENA Hydro Boost,https://www.ros.net.pl/GalleryImages/product_photos/1280_720/297840_284458_1280_720_95225.png,"nawadniający booster serum do twarzy30 ml, nr kat. 284458",56.99,42.99,"https://www.rossmann.pl/Produkt/Serum/Neutrogena-Hydro-Boost-nawadniajacy-booster-serum-do-twarzy-30-ml,284458,9225",Available online,Twarz/Pielęgnacja twarzy/Serum,5.0,33,None
NEUTROGENA Hydro Boost,https://www.ros.net.pl/GalleryImages/product_photos/1280_720/297838_284460_1280_720_95225.png,"żel-krem pod oczy przeciw oznakom zmęczenia15 ml, nr kat. 284460",44.99,33.99,"https://www.rossmann.pl/Produkt/Kremy-pod-oczy/Neutrogena-Hydro-Boost-zel-krem-pod-oczy-przeciw-oznakom-zmeczenia-15-ml,284460,9224",Available online,Twarz/Pielęgnacja twarzy/Kremy pod oczy,None,None,None
NEUTROGENA Hydro Boost,https://www.ros.net.pl/GalleryImages/product_photos/1280_720/302705_284446_1280_720_99107.png,"nawadniający żel, cera normalna i mieszana50 ml, nr kat. 284446",56.99,42.99,"https://www.rossmann.pl/Produkt/Kremy-do-twarzy/Neutrogena-Hydro-Boost-nawadniajacy-zel-cera-normalna-i-mieszana-50-ml,284446,9223",Available online,Twarz/Pielęgnacja twarzy/Kremy do twarzy,None,None,kobieta 
NEUTROGENA Hydro Boost,https://www.ros.net.pl/GalleryImages/product_photos/1280_720/302704_284454_1280_720_99107.png,"nawadniający krem-maska na noc50 ml, nr kat. 284454",56.99,42.99,"https://www.rossmann.pl/Produkt/Kremy-do-twarzy/Neutrogena-Hydro-Boost-nawadniajacy-krem-maska-na-noc-50-ml,284454,9223",Available online,Twarz/Pielęgnacja twarzy/Kremy do twarzy,None,None,kobieta 
NUMEE,https://www.ros.net.pl/GalleryImages/product_photos/1280_720/340753_393358_1280_720.png,"intensywnie nawilżające serum30 ml, nr kat. 393358",29.99,17.99,"https://www.rossmann.pl/Produkt/Serum/Numee-intensywnie-nawilzajace-serum-30-ml,393358,9225",Available online,Twarz/Pielęgnacja twarzy/Serum,None,None,None
NUMEE,https://www.ros.net.pl/GalleryImages/product_photos/1280_720/340757_393359_1280_720.png,"multi- benefit serum30 ml, nr kat. 393359",29.99,17.99,"https://www.rossmann.pl/Produkt/Serum/Numee-multi-benefit-serum-30-ml,393359,9225",Available online,Twarz/Pielęgnacja twarzy/Serum,None,None,None
NUMEE,https://www.ros.net.pl/GalleryImages/product_photos/1280_720/340761_393360_1280_720.png,"serum złuszczające do twarzy30 ml, nr kat. 393360",29.99,17.99,"https://www.rossmann.pl/Produkt/Serum/Numee-serum-zluszczajace-do-twarzy-30-ml,393360,9225",Available online,Twarz/Pielęgnacja twarzy/Serum,None,None,None
NUMEE,https://www.ros.net.pl/GalleryImages/product_photos/1280_720/340676_393361_1280_720.png,"krem pod oczy15 ml, nr kat. 393361",34.99,25.99,"https://www.rossmann.pl/Produkt/Kremy-pod-oczy/Numee-krem-pod-oczy-15-ml,393361,9224",Available online,Twarz/Pielęgnacja twarzy/Kremy pod oczy,None,None,None
NUMEE,https://www.ros.net.pl/GalleryImages/product_photos/1280_720/340681_393362_1280_720.png,"oczyszczający peeling30 ml, nr kat. 393362",39.99,29.99,"https://www.rossmann.pl/Produkt/Serum/Numee-oczyszczajacy-peeling-30-ml,393362,9225",Available online,Twarz/Pielęgnacja twarzy/Serum,None,None,None
NUMEE,https://www.ros.net.pl/GalleryImages/product_photos/1280_720/340687_393363_1280_720.png,"emulsja do twarzy75 ml, nr kat. 393363",36.99,27.99,"https://www.rossmann.pl/Produkt/Kremy-do-twarzy/Numee-emulsja-do-twarzy-75-ml,393363,9223",Available online,Twarz/Pielęgnacja twarzy/Kremy do twarzy,None,None,kobieta 
NUMEE,https://www.ros.net.pl/GalleryImages/product_photos/1280_720/340692_393364_1280_720.png,"serum rozjaśniające 30 ml, nr kat. 393364",39.99,29.99,"https://www.rossmann.pl/Produkt/Serum/Numee-serum-rozjasniajace-30-ml,393364,9225",Available online,Twarz/Pielęgnacja twarzy/Serum,None,None,None
NUMEE Pause,https://www.ros.net.pl/GalleryImages/product_photos/1280_720/340698_393366_1280_720.png,"krem wyrównujący koloryt50 ml, nr kat. 393366",49.99,36.99,"https://www.rossmann.pl/Produkt/Kremy-do-twarzy/Numee-Pause-krem-wyrownujacy-koloryt-50-ml,393366,9223",Available online,Twarz/Pielęgnacja twarzy/Kremy do twarzy,None,None,kobieta 
SORAYA Plante,https://www.ros.net.pl/GalleryImages/product_photos/1280_720/204146_317784_1280_720_62733.png,"krem pod oczy naturalnie wygładzający Chlorella, Olej Jojoba, Cedr Japoński15 ml, nr kat. 317784",21.99,16.49,"https://www.rossmann.pl/Produkt/Kremy-pod-oczy/Soraya-Plante-krem-pod-oczy-naturalnie-wygladzajacy-Chlorella-Olej-Jojoba-Cedr-Japonski-15-ml,317784,9224",Available online,Twarz/Pielęgnacja twarzy/Kremy pod oczy,None,None,None
SORAYA Plante,https://www.ros.net.pl/GalleryImages/product_photos/1280_720/204143_317782_1280_720_62697.png,"krem naturalnie nawilżający na dzień, olej makadamia, alga wakame, cedr50 ml, nr kat. 317782",28.99,21.99,"https://www.rossmann.pl/Produkt/Kremy-do-twarzy/Soraya-Plante-krem-naturalnie-nawilzajacy-na-dzien-olej-makadamia-alga-wakame-cedr-50-ml,317782,9223",Available online,Twarz/Pielęgnacja twarzy/Kremy do twarzy,4.5,57,kobieta 
SORAYA Plante,https://www.ros.net.pl/GalleryImages/product_photos/1280_720/204147_317785_1280_720_62697.png,"krem naturalnie nawilżający na dzień, biała herbata, aloes, olej makadamia50 ml, nr kat. 317785",28.99,21.99,"https://www.rossmann.pl/Produkt/Kremy-do-twarzy/Soraya-Plante-krem-naturalnie-nawilzajacy-na-dzien-biala-herbata-aloes-olej-makadamia-50-ml,317785,9223",Available online,Twarz/Pielęgnacja twarzy/Kremy do twarzy,None,None,kobieta 
SORAYA Plante,https://www.ros.net.pl/GalleryImages/product_photos/1280_720/204148_317786_1280_720_62697.png,"krem naturalnie nawilżający na noc, tara, biała herbata, aloes50 ml, nr kat. 317786",28.99,21.99,"https://www.rossmann.pl/Produkt/Kremy-do-twarzy/Soraya-Plante-krem-naturalnie-nawilzajacy-na-noc-tara-biala-herbata-aloes-50-ml,317786,9223",Available online,Twarz/Pielęgnacja twarzy/Kremy do twarzy,None,None,kobieta 
SORAYA Kombucha,https://www.ros.net.pl/GalleryImages/product_photos/1280_720/313022_366331_1280_720_102947.png,"krem nawilżający na dzień cera normalna i sucha50 ml, nr kat. 366331",26.99,19.99,"https://www.rossmann.pl/Produkt/Kremy-do-twarzy/Soraya-Kombucha-krem-nawilzajacy-na-dzien-cera-normalna-i-sucha-50-ml,366331,9223",Available online,Twarz/Pielęgnacja twarzy/Kremy do twarzy,None,None,kobieta 
SORAYA Kombucha,https://www.ros.net.pl/GalleryImages/product_photos/1280_720/313027_366330_1280_720_102947.png,"krem matujący na dzień cera tłusta i mieszana75 ml, nr kat. 366330",26.99,19.99,"https://www.rossmann.pl/Produkt/Kremy-do-twarzy/Soraya-Kombucha-krem-matujacy-na-dzien-cera-tlusta-i-mieszana-75-ml,366330,9223",Available online,Twarz/Pielęgnacja twarzy/Kremy do twarzy,None,None,kobieta 
SORAYA Kombucha,https://www.ros.net.pl/GalleryImages/product_photos/1280_720/313031_366329_1280_720_102947.png,"krem wygładzający na noc każdy typ skóry75 ml, nr kat. 366329",26.99,19.99,"https://www.rossmann.pl/Produkt/Kremy-do-twarzy/Soraya-Kombucha-krem-wygladzajacy-na-noc-kazdy-typ-skory-75-ml,366329,9223",Available online,Twarz/Pielęgnacja twarzy/Kremy do twarzy,None,None,kobieta 
ALTERRA,https://www.ros.net.pl/GalleryImages/product_photos/1280_720/318520_366860_1280_720.png,"krem pod oczy15 ml, nr kat. 366860",14.49,10.79,"https://www.rossmann.pl/Produkt/Kremy-pod-oczy/Alterra-krem-pod-oczy-15-ml,366860,9224",Available online,Twarz/Pielęgnacja twarzy/Kremy pod oczy,None,None,None
ALTERRA,https://www.ros.net.pl/GalleryImages/product_photos/1280_720/318519_366550_1280_720.png,"krem na dzień skóra wrażliwa50 ml, nr kat. 366550",13.49,9.99,"https://www.rossmann.pl/Produkt/Kremy-do-twarzy/Alterra-krem-na-dzien-skora-wrazliwa-50-ml,366550,9223",Available online,Twarz/Pielęgnacja twarzy/Kremy do twarzy,None,None,kobieta 
ALTERRA,https://www.ros.net.pl/GalleryImages/product_photos/1280_720/313963_366539_1280_720_103620.png,"aloesowe serum pod oczy15 ml, nr kat. 366539",14.49,10.79,"https://www.rossmann.pl/Produkt/Kremy-pod-oczy/Alterra-aloesowe-serum-pod-oczy-15-ml,366539,9224",Available online,Twarz/Pielęgnacja twarzy/Kremy pod oczy,None,None,None
ALTERRA,https://www.ros.net.pl/GalleryImages/product_photos/1280_720/347091_366542_1280_720.png,"krem na dzień skóra sucha i wrażliwa, aloes50 ml, nr kat. 366542",13.49,9.99,"https://www.rossmann.pl/Produkt/Kremy-do-twarzy/Alterra-krem-na-dzien-skora-sucha-i-wrazliwa-aloes-50-ml,366542,9223",Available online,Twarz/Pielęgnacja twarzy/Kremy do twarzy,None,None,kobieta 
ALTERRA,https://www.ros.net.pl/GalleryImages/product_photos/1280_720/313959_366543_1280_720_103620.png,"krem na noc skóra sucha i wrażliwa, aloes50 ml, nr kat. 366543",13.49,9.99,"https://www.rossmann.pl/Produkt/Kremy-do-twarzy/Alterra-krem-na-noc-skora-sucha-i-wrazliwa-aloes-50-ml,366543,9223",Available online,Twarz/Pielęgnacja twarzy/Kremy do twarzy,None,None,kobieta 
SORAYA I love serum,https://www.ros.net.pl/GalleryImages/product_photos/1280_720/341090_390298_1280_720.png,"serum rozjaśniające do cery zmęczonej, pozbawionej blasku30 ml, nr kat. 390298",17.99,11.99,"https://www.rossmann.pl/Produkt/Serum/Soraya-I-love-serum-serum-rozjasniajace-do-cery-zmeczonej-pozbawionej-blasku-30-ml,390298,9225",Available online,Twarz/Pielęgnacja twarzy/Serum,None,None,None
SORAYA I love serum,https://www.ros.net.pl/GalleryImages/product_photos/1280_720/341082_390296_1280_720.png,"serum nawilżające do cery suchej i odwodnionej30 ml, nr kat. 390296",17.99,11.99,"https://www.rossmann.pl/Produkt/Serum/Soraya-I-love-serum-serum-nawilzajace-do-cery-suchej-i-odwodnionej-30-ml,390296,9225",Available online,Twarz/Pielęgnacja twarzy/Serum,None,None,None
SORAYA I love serum,https://www.ros.net.pl/GalleryImages/product_photos/1280_720/341086_390297_1280_720.png,"serum normalizujące do cery tłustej i mieszanej30 ml, nr kat. 390297",17.99,11.99,"https://www.rossmann.pl/Produkt/Serum/Soraya-I-love-serum-serum-normalizujace-do-cery-tlustej-i-mieszanej-30-ml,390297,9225",Available online,Twarz/Pielęgnacja twarzy/Serum,None,None,None
SORAYA I love serum,https://www.ros.net.pl/GalleryImages/product_photos/1280_720/341094_390501_1280_720.png,"serum regenerujące do cery suchej i wrażliwej30 ml, nr kat. 390501",17.99,11.99,"https://www.rossmann.pl/Produkt/Serum/Soraya-I-love-serum-serum-regenerujace-do-cery-suchej-i-wrazliwej-30-ml,390501,9225",Available online,Twarz/Pielęgnacja twarzy/Serum,None,None,None
MIXA Przeciw Niedoskonałościom,https://www.ros.net.pl/GalleryImages/product_photos/1280_720/46118_218924_1280_720.png,"płyn micelarny400 ml, nr kat. 218924",28.99,19.99,"https://www.rossmann.pl/Produkt/Plyny-micelarne/Mixa-Przeciw-Niedoskonalosciom-plyn-micelarny-400-ml,218924,8770",Available online,Twarz/Oczyszczanie i demakijaż/Płyny micelarne,None,None,None
MIXA Przeciw Niedoskonałościom,https://www.ros.net.pl/GalleryImages/product_photos/1280_720/187793_218926_1280_720_56393.png,"żel delikatnie oczyszczający skóra wrażliwa z tendencją do niedoskonałości200 ml, nr kat. 218926",23.49,16.49,"https://www.rossmann.pl/Produkt/Zele-i-pianki-do-twarzy/Mixa-Przeciw-Niedoskonalosciom-zel-delikatnie-oczyszczajacy-skora-wrazliwa-z-tendencja-do-niedosko,218926,8690",Available online,Twarz/Oczyszczanie i demakijaż/Żele i pianki do twarzy,None,None,None
MIXA Przeciw Niedoskonałościom,https://www.ros.net.pl/GalleryImages/product_photos/1280_720/345610_218925_1280_720.png,"tonik do twarzy200ml, nr kat. 218925",23.49,16.49,"https://www.rossmann.pl/Produkt/Toniki-do-twarzy/Mixa-Przeciw-Niedoskonalosciom-tonik-do-twarzy-200ml,218925,8692",Available online,Twarz/Oczyszczanie i demakijaż/Toniki do twarzy,4.0,27,None
MIXA,https://www.ros.net.pl/GalleryImages/product_photos/1280_720/345613_243206_1280_720.png,"nawilżający krem przeciw niedoskonałościom na dzień i na noc, 2w1, skóra wrażliwa50 ml, nr kat. 243206",31.99,22.49,"https://www.rossmann.pl/Produkt/Kremy-do-twarzy/Mixa-nawilzajacy-krem-przeciw-niedoskonalosciom-na-dzien-i-na-noc-2w1-skora-wrazliwa-50-ml,243206,9223",Available online,Twarz/Pielęgnacja twarzy/Kremy do twarzy,None,None,kobieta 
ONSKIN BY BIOTANIQE,https://www.ros.net.pl/GalleryImages/product_photos/1280_720/347623_372138_1280_720.png,"łagodny żel oczyszczający do twarzy150 ml, nr kat. 372138",17.49,12.29,"https://www.rossmann.pl/Produkt/Zele-i-pianki-do-twarzy/OnSkin-by-Biotaniqe-lagodny-zel-oczyszczajacy-do-twarzy-150-ml,372138,8690",Available online,Twarz/Oczyszczanie i demakijaż/Żele i pianki do twarzy,None,None,None
ONSKIN BY BIOTANIQE,https://www.ros.net.pl/GalleryImages/product_photos/1280_720/347625_382298_1280_720.png,"peeling enzymatyczny 75 ml, nr kat. 382298",18.49,12.99,"https://www.rossmann.pl/Produkt/Peelingi-do-twarzy/OnSkin-by-Biotaniqe-peeling-enzymatyczny-75-ml,382298,8695",Available online,Twarz/Oczyszczanie i demakijaż/Peelingi do twarzy,None,None,None
ONSKIN BY BIOTANIQE,https://www.ros.net.pl/GalleryImages/product_photos/1280_720/347624_382296_1280_720.png,"tonik oczyszczający 150 ml, nr kat. 382296",18.49,12.99,"https://www.rossmann.pl/Produkt/Toniki-do-twarzy/OnSkin-by-Biotaniqe-tonik-oczyszczajacy-150-ml,382296,8692",Available online,Twarz/Oczyszczanie i demakijaż/Toniki do twarzy,None,None,None
ONSKIN BY BIOTANIQE,https://www.ros.net.pl/GalleryImages/product_photos/1280_720/321106_382245_1280_720.png,"serum przeciw niedoskonałościom cera problematyczna20 ml, nr kat. 382245",27.49,18.99,"https://www.rossmann.pl/Produkt/Serum/OnSkin-by-Biotaniqe-serum-przeciw-niedoskonalosciom-cera-problematyczna-20-ml,382245,9225",Available online,Twarz/Pielęgnacja twarzy/Serum,None,None,None
ONSKIN BY BIOTANIQE,https://www.ros.net.pl/GalleryImages/product_photos/1280_720/321044_382242_1280_720.png,"nawilżający krem matujący na dzień i na noc50 ml, nr kat. 382242",22.49,15.99,"https://www.rossmann.pl/Produkt/Kremy-do-twarzy/OnSkin-by-Biotaniqe-nawilzajacy-krem-matujacy-na-dzien-i-na-noc-50-ml,382242,9223",Available online,Twarz/Pielęgnacja twarzy/Kremy do twarzy,None,None,kobieta 
ONSKIN BY BIOTANIQE,https://www.ros.net.pl/GalleryImages/product_photos/1280_720/355353_382243_1280_720.png,"krem przeciw niedoskonałościom na dzień i na noc50 ml, nr kat. 382243",22.49,15.99,"https://www.rossmann.pl/Produkt/Kremy-do-twarzy/OnSkin-by-Biotaniqe-krem-przeciw-niedoskonalosciom-na-dzien-i-na-noc-50-ml,382243,9223",Available online,Twarz/Pielęgnacja twarzy/Kremy do twarzy,None,None,kobieta 
SELFIE PROJECT Acne Skin,https://www.ros.net.pl/GalleryImages/product_photos/1280_720/348624_379109_1280_720.png,"żel do mycia twarzy głęboko oczyszczający250 ml, nr kat. 379109",18.99,13.29,"https://www.rossmann.pl/Produkt/Zele-i-pianki-do-twarzy/Selfie-Project-Acne-Skin-zel-do-mycia-twarzy-gleboko-oczyszczajacy-250-ml,379109,8690",Available online,Twarz/Oczyszczanie i demakijaż/Żele i pianki do twarzy,None,None,None
SELFIE PROJECT Acne Skin,https://www.ros.net.pl/GalleryImages/product_photos/1280_720/352383_397260_1280_720.png,"peeling enzymatyczny do twarzy75 ml, nr kat. 397260",18.99,13.29,"https://www.rossmann.pl/Produkt/Peelingi-do-twarzy/Selfie-Project-Acne-Skin-peeling-enzymatyczny-do-twarzy-75-ml,397260,8695",Available online,Twarz/Oczyszczanie i demakijaż/Peelingi do twarzy,None,None,None
SELFIE PROJECT Acne Skin,https://www.ros.net.pl/GalleryImages/product_photos/1280_720/348625_379113_1280_720.png,"tonik do twarzy regulujący150 ml, nr kat. 379113",17.99,12.49,"https://www.rossmann.pl/Produkt/Toniki-do-twarzy/Selfie-Project-Acne-Skin-tonik-do-twarzy-regulujacy-150-ml,379113,8692",Available online,Twarz/Oczyszczanie i demakijaż/Toniki do twarzy,None,None,None
SELFIE PROJECT Acne Skin,https://www.ros.net.pl/GalleryImages/product_photos/1280_720/344257_379106_1280_720.png,"krem na dzień i na noc kojący i regenerujący50 ml, nr kat. 379106",21.99,15.49,"https://www.rossmann.pl/Produkt/Kremy-do-twarzy/Selfie-Project-Acne-Skin-krem-na-dzien-i-na-noc-kojacy-i-regenerujacy-50-ml,379106,9223",Available online,Twarz/Pielęgnacja twarzy/Kremy do twarzy,None,None,kobieta 
SELFIE PROJECT,https://www.ros.net.pl/GalleryImages/product_photos/1280_720/347548_251082_1280_720.png,"żel do mycia twarzy250 ml, nr kat. 251082",17.99,12.49,"https://www.rossmann.pl/Produkt/Zele-i-pianki-do-twarzy/Selfie-Project-zel-do-mycia-twarzy-250-ml,251082,8690",Available online,Twarz/Oczyszczanie i demakijaż/Żele i pianki do twarzy,4.5,16,None
SELFIE PROJECT,https://www.ros.net.pl/GalleryImages/product_photos/1280_720/347586_269028_1280_720.png,"aktywny peeling myjący150 ml, nr kat. 269028",17.99,12.49,"https://www.rossmann.pl/Produkt/Peelingi-do-twarzy/Selfie-Project-aktywny-peeling-myjacy-150-ml,269028,8695",Available online,Twarz/Oczyszczanie i demakijaż/Peelingi do twarzy,None,None,None
NEUTROGENA Clear & Soothe,https://www.ros.net.pl/GalleryImages/product_photos/1280_720/273262_357980_1280_720_89200.png,"żel micelarny kurkuma200 ml, nr kat. 357980",22.99,15.99,"https://www.rossmann.pl/Produkt/Plyny-micelarne/Neutrogena-Clear-Soothe-zel-micelarny-kurkuma-200-ml,357980,8770",Available online,Twarz/Oczyszczanie i demakijaż/Płyny micelarne,None,None,None
NEUTROGENA Clear & Soothe,https://www.ros.net.pl/GalleryImages/product_photos/1280_720/276942_357981_1280_720_89826.png,"mgiełka do twarzy z kurkumą125 ml, nr kat. 357981",22.99,15.99,"https://www.rossmann.pl/Produkt/Toniki-do-twarzy/Neutrogena-Clear-Soothe-mgielka-do-twarzy-z-kurkuma-125-ml,357981,8692",Available online,Twarz/Oczyszczanie i demakijaż/Toniki do twarzy,None,None,None
NEUTROGENA Clear & Soothe,https://www.ros.net.pl/GalleryImages/product_photos/1280_720/276910_357982_1280_720_89826.png,"krem nawilżający z kurkumą75 ml, nr kat. 357982",22.99,15.99,"https://www.rossmann.pl/Produkt/Kremy-do-twarzy/Neutrogena-Clear-Soothe-krem-nawilzajacy-z-kurkuma-75-ml,357982,9223",Available online,Twarz/Pielęgnacja twarzy/Kremy do twarzy,None,None,None
BARWA SIARKOWA,https://www.ros.net.pl/GalleryImages/product_photos/1280_720/246110_180432_1280_720_80136.png,"tonik siarkowy pielęgnacja antytrądzikowa200 ml, nr kat. 180432",18.99,13.29,"https://www.rossmann.pl/Produkt/Toniki-do-twarzy/Barwa-Siarkowa-tonik-siarkowy-pielegnacja-antytradzikowa-200-ml,180432,8692",Available online,Twarz/Oczyszczanie i demakijaż/Toniki do twarzy,None,None,None
BARWA SIARKOWA,https://www.ros.net.pl/GalleryImages/product_photos/1280_720/242622_120061_1280_720_78411.png,"siarkowy krem matujący antytrądzikowy50 ml, nr kat. 120061",19.99,13.99,"https://www.rossmann.pl/Produkt/Kremy-do-twarzy/Barwa-Siarkowa-siarkowy-krem-matujacy-antytradzikowy-50-ml,120061,9223",Available online,Twarz/Pielęgnacja twarzy/Kremy do twarzy,None,None,kobieta 
BARWA SIARKOWA,https://www.ros.net.pl/GalleryImages/product_photos/1280_720/334516_200860_1280_720.png,"siarkowy krem nawilżający50 ml, nr kat. 200860",19.99,13.99,"https://www.rossmann.pl/Produkt/Kremy-do-twarzy/Barwa-Siarkowa-siarkowy-krem-nawilzajacy-50-ml,200860,9223",Available online,Twarz/Pielęgnacja twarzy/Kremy do twarzy,None,None,kobieta 
UNDER TWENTY Anti Acne!,https://www.ros.net.pl/GalleryImages/product_photos/1280_720/270281_344097_1280_720_88618.png,"aktywna pianka detoksykująca cera mieszana i tłusta z niedoskonałościami200 ml, nr kat. 344097",19.99,12.99,"https://www.rossmann.pl/Produkt/Zele-i-pianki-do-twarzy/Under-Twenty-Anti-Acne-aktywna-pianka-detoksykujaca-cera-mieszana-i-tlusta-z-niedoskonalosciami-,344097,8690",Available online,Twarz/Oczyszczanie i demakijaż/Żele i pianki do twarzy,None,None,None
UNDER TWENTY Anti Acne!,https://www.ros.net.pl/GalleryImages/product_photos/1280_720/273346_344089_1280_720_89200.png,"oczyszczający tonik antybakteryjny200 ml, nr kat. 344089",17.49,10.99,"https://www.rossmann.pl/Produkt/Toniki-do-twarzy/Under-Twenty-Anti-Acne-oczyszczajacy-tonik-antybakteryjny-200-ml,344089,8692",Available online,Twarz/Oczyszczanie i demakijaż/Toniki do twarzy,None,None,None
UNDER TWENTY,https://www.ros.net.pl/GalleryImages/product_photos/1280_720/221541_331516_1280_720_81865.png,"antybakteryjny żel łagodzący do mycia twarzy, cera wrażliwa z niedoskonałościami190 ml, nr kat. 331516",17.49,10.99,"https://www.rossmann.pl/Produkt/Zele-i-pianki-do-twarzy/Under-Twenty-antybakteryjny-zel-lagodzacy-do-mycia-twarzy-cera-wrazliwa-z-niedoskonalosciami-190,331516,8690",Available online,Twarz/Oczyszczanie i demakijaż/Żele i pianki do twarzy,None,None,None
UNDER TWENTY Anti Acne!,https://www.ros.net.pl/GalleryImages/product_photos/1280_720/290744_357296_1280_720_92154.png,"pianka do mycia twarzy o działaniu antybakteryjnym150 ml, nr kat. 357296",19.99,12.99,"https://www.rossmann.pl/Produkt/Zele-i-pianki-do-twarzy/Under-Twenty-Anti-Acne-pianka-do-mycia-twarzy-o-dzialaniu-antybakteryjnym-150-ml,357296,8690",Available online,Twarz/Oczyszczanie i demakijaż/Żele i pianki do twarzy,None,None,None
UNDER TWENTY Anti Acne!,https://www.ros.net.pl/GalleryImages/product_photos/1280_720/293396_358495_1280_720_93780.png,"enzymatyczny peeling antybakteryjny papaina, biała glinka, zielone mango75 ml, nr kat. 358495",19.99,13.99,"https://www.rossmann.pl/Produkt/Peelingi-do-twarzy/Under-Twenty-Anti-Acne-enzymatyczny-peeling-antybakteryjny-papaina-biala-glinka-zielone-mango-,358495,8695",Available online,Twarz/Oczyszczanie i demakijaż/Peelingi do twarzy,None,None,None
UNDER TWENTY Anti Acne!,https://www.ros.net.pl/GalleryImages/product_photos/1280_720/293395_357295_1280_720_93780.png,"matujący tonik antybakteryjny przeciw zaskórnikom200 ml, nr kat. 357295",15.49,9.99,"https://www.rossmann.pl/Produkt/Toniki-do-twarzy/Under-Twenty-Anti-Acne-matujacy-tonik-antybakteryjny-przeciw-zaskornikom-200-ml,357295,8692",Available online,Twarz/Oczyszczanie i demakijaż/Toniki do twarzy,None,None,None
UNDER TWENTY Anti Acne!,https://www.ros.net.pl/GalleryImages/product_photos/1280_720/244468_344086_1280_720_81865.png,"prebiotyczny tonik w mgiełce cera wrażliwa z niedoskonałościami200 ml, nr kat. 344086",17.49,10.99,"https://www.rossmann.pl/Produkt/Toniki-do-twarzy/Under-Twenty-Anti-Acne-prebiotyczny-tonik-w-mgielce-cera-wrazliwa-z-niedoskonalosciami-200-ml,344086,8692",Available online,Twarz/Oczyszczanie i demakijaż/Toniki do twarzy,None,None,None
UNDER TWENTY Anti Acne!,https://www.ros.net.pl/GalleryImages/product_photos/1280_720/317880_378926_1280_720_106269.png,"peeling + maska do twarzy 2w1130 ml, nr kat. 378926",19.99,12.99,"https://www.rossmann.pl/Produkt/Peelingi-do-twarzy/Under-Twenty-Anti-Acne-peeling-maska-do-twarzy-2w1-130-ml,378926,8695",Available online,Twarz/Oczyszczanie i demakijaż/Peelingi do twarzy,None,None,None
UNDER TWENTY,https://www.ros.net.pl/GalleryImages/product_photos/1280_720/245064_344101_1280_720_81865.png,"pasta myjąca do kapryśnej cery, zielona glinka150 ml, nr kat. 344101",17.99,11.49,"https://www.rossmann.pl/Produkt/Zele-i-pianki-do-twarzy/Under-Twenty-pasta-myjaca-do-kaprysnej-cery-zielona-glinka-150-ml,344101,8690",Available online,Twarz/Oczyszczanie i demakijaż/Żele i pianki do twarzy,None,None,None
UNDER TWENTY,https://www.ros.net.pl/GalleryImages/product_photos/1280_720/340598_390158_1280_720.png,"wysoko-skoncentrowany punktowy krem redukujący niedoskonałości15 ml, nr kat. 390158",17.49,10.99,"https://www.rossmann.pl/Produkt/Kremy-do-twarzy/Under-Twenty-wysoko-skoncentrowany-punktowy-krem-redukujacy-niedoskonalosci-15-ml,390158,9223",Available online,Twarz/Pielęgnacja twarzy/Kremy do twarzy,None,None,kobieta 
UNDER TWENTY Anti Acne!,https://www.ros.net.pl/GalleryImages/product_photos/1280_720/171807_121841_1280_720_46896.png,"krem BB matujący o działaniu antybakteryjnym nr 01 Jasny60 ml, nr kat. 121841",17.99,11.49,"https://www.rossmann.pl/Produkt/Kremy-bb-i-cc/Under-Twenty-Anti-Acne-krem-BB-matujacy-o-dzialaniu-antybakteryjnym-nr-01-Jasny-60-ml,121841,8551",Available online,Makijaż/Twarz/Kremy bb i cc,None,None,None
UNDER TWENTY Anti Acne!,https://www.ros.net.pl/GalleryImages/product_photos/1280_720/112962_178299_1280_720_46896.png,"krem BB matujący o działaniu antybakteryjnym nr 02 Naturalny60 ml, nr kat. 178299",17.99,11.49,"https://www.rossmann.pl/Produkt/Kremy-bb-i-cc/Under-Twenty-Anti-Acne-krem-BB-matujacy-o-dzialaniu-antybakteryjnym-nr-02-Naturalny-60-ml,178299,8551",Available online,Makijaż/Twarz/Kremy bb i cc,None,None,None
ZIAJA Jeju,https://www.ros.net.pl/GalleryImages/product_photos/1280_720/321846_357713_1280_720.png,"białe mydło do twarzy przeciw sebum75 ml, nr kat. 357713",8.49,5.99,"https://www.rossmann.pl/Produkt/Zele-i-pianki-do-twarzy/Ziaja-Jeju-biale-mydlo-do-twarzy-przeciw-sebum-75-ml,357713,8690",Available online,Twarz/Oczyszczanie i demakijaż/Żele i pianki do twarzy,None,None,None
ZIAJA Jeju,https://www.ros.net.pl/GalleryImages/product_photos/1280_720/321844_357712_1280_720.png,"pasta w czarne kropki przeciw zaskórnikom75 ml, nr kat. 357712",8.49,5.99,"https://www.rossmann.pl/Produkt/Zele-i-pianki-do-twarzy/Ziaja-Jeju-pasta-w-czarne-kropki-przeciw-zaskornikom-75-ml,357712,8690",Available online,Twarz/Oczyszczanie i demakijaż/Żele i pianki do twarzy,None,None,None
ZIAJA Jeju,https://www.ros.net.pl/GalleryImages/product_photos/1280_720/321842_357711_1280_720.png,"tonik do twarzy200 ml, nr kat. 357711",8.49,5.99,"https://www.rossmann.pl/Produkt/Toniki-do-twarzy/Ziaja-Jeju-tonik-do-twarzy-200-ml,357711,8692",Available online,Twarz/Oczyszczanie i demakijaż/Toniki do twarzy,None,None,None
ISANA,https://www.ros.net.pl/GalleryImages/product_photos/1280_720/323884_45245_1280_720.png,"puder kompakt, naturalny9 g, nr kat. 45245",11.99,8.49,"https://www.rossmann.pl/Produkt/Pudry/Isana-puder-kompakt-naturalny-9-g,45245,8546",Available online,Makijaż/Twarz/Pudry,None,None,None
ISANA,https://www.ros.net.pl/GalleryImages/product_photos/1280_720/335272_251566_1280_720.png,"puder 2w1 Średni9 g, nr kat. 251566",12.49,8.79,"https://www.rossmann.pl/Produkt/Pudry/Isana-puder-2w1-Sredni-9-g,251566,8546",Available online,Makijaż/Twarz/Pudry,None,None,None
ISANA,https://www.ros.net.pl/GalleryImages/product_photos/1280_720/335273_251571_1280_720.png,"puder 2w1 Jasny9 g, nr kat. 251571",12.49,8.79,"https://www.rossmann.pl/Produkt/Pudry/Isana-puder-2w1-Jasny-9-g,251571,8546",Available online,Makijaż/Twarz/Pudry,None,None,None
ISANA,https://www.ros.net.pl/GalleryImages/product_photos/1280_720/323883_45247_1280_720.png,"puder kompakt, piasek9 g, nr kat. 45247",11.99,8.49,"https://www.rossmann.pl/Produkt/Pudry/Isana-puder-kompakt-piasek-9-g,45247,8546",Available online,Makijaż/Twarz/Pudry,None,None,None
SELFIE PROJECT,https://www.ros.net.pl/GalleryImages/product_photos/1280_720/321080_379120_1280_720.png,"serduszka punktowe na wypryski20 szt., nr kat. 379120",14.99,10.49,"https://www.rossmann.pl/Produkt/Peelingi-do-twarzy/Selfie-Project-serduszka-punktowe-na-wypryski-20-szt,379120,8695",Available online,Twarz/Oczyszczanie i demakijaż/Peelingi do twarzy,None,None,None
SELFIE PROJECT,https://www.ros.net.pl/GalleryImages/product_photos/1280_720/306136_372411_1280_720_100205.png,"punktowe gwiazdki przeciw wypryskom20 szt., nr kat. 372411",12.99,8.99,"https://www.rossmann.pl/Produkt/Peelingi-do-twarzy/Selfie-Project-punktowe-gwiazdki-przeciw-wypryskom-20-szt,372411,8695",Available online,Twarz/Oczyszczanie i demakijaż/Peelingi do twarzy,None,None,None
SELFIE PROJECT,https://www.ros.net.pl/GalleryImages/product_photos/1280_720/347550_251086_1280_720.png,"ultra oczyszczające plastry na nos4 szt., nr kat. 251086",12.99,8.99,"https://www.rossmann.pl/Produkt/Peelingi-do-twarzy/Selfie-Project-ultra-oczyszczajace-plastry-na-nos-4-szt,251086,8695",Available online,Twarz/Oczyszczanie i demakijaż/Peelingi do twarzy,3.0,20,None
SELFIE PROJECT,https://www.ros.net.pl/GalleryImages/product_photos/1280_720/328869_372412_1280_720.png,"oczyszczające plastry na nos3 szt., nr kat. 372412",12.99,8.99,"https://www.rossmann.pl/Produkt/Peelingi-do-twarzy/Selfie-Project-oczyszczajace-plastry-na-nos-3-szt,372412,8695",Available online,Twarz/Oczyszczanie i demakijaż/Peelingi do twarzy,None,None,None
SELFIE PROJECT,https://www.ros.net.pl/GalleryImages/product_photos/1280_720/100979_269029_1280_720_32724.png,"czarna maska peel-off50 g, nr kat. 269029",22.99,15.99,"https://www.rossmann.pl/Produkt/Peelingi-do-twarzy/Selfie-Project-czarna-maska-peel-off-50-g,269029,8695",Available online,Twarz/Oczyszczanie i demakijaż/Peelingi do twarzy,None,None,None
ONSKIN BY BIOTANIQE,https://www.ros.net.pl/GalleryImages/product_photos/1280_720/347633_379107_1280_720.png,"nawilżająca maska na tkaninie1 szt., nr kat. 379107",9.99,7.49,"https://www.rossmann.pl/Produkt/Maseczki/OnSkin-by-Biotaniqe-nawilzajaca-maska-na-tkaninie-1-szt,379107,9226",Available online,Twarz/Pielęgnacja twarzy/Maseczki,None,None,None
ONSKIN BY BIOTANIQE,https://www.ros.net.pl/GalleryImages/product_photos/1280_720/347634_379115_1280_720.png,"regenerująca maska na tkaninie1 szt., nr kat. 379115",9.99,7.49,"https://www.rossmann.pl/Produkt/Maseczki/OnSkin-by-Biotaniqe-regenerujaca-maska-na-tkaninie-1-szt,379115,9226",Available online,Twarz/Pielęgnacja twarzy/Maseczki,None,None,None
SELFIE PROJECT Galaxy Masks,https://www.ros.net.pl/GalleryImages/product_photos/1280_720/305637_372407_1280_720_100163.png,"oczyszczająca maseczka peel-off12 ml, nr kat. 372407",5.99,4.49,"https://www.rossmann.pl/Produkt/Maseczki/Selfie-Project-Galaxy-Masks-oczyszczajaca-maseczka-peel-off-12-ml,372407,9226",Available online,Twarz/Pielęgnacja twarzy/Maseczki,None,None,None
Q+A,https://www.ros.net.pl/GalleryImages/product_photos/1280_720/320746_382867_1280_720.png,"olejek do twarzy (skwalan)30 ml, nr kat. 382867",59.99,44.99,"https://www.rossmann.pl/Produkt/Serum/Q-A-olejek-do-twarzy-skwalan-30-ml,382867,9225",Available online,Twarz/Pielęgnacja twarzy/Serum,None,None,None
Q+A,https://www.ros.net.pl/GalleryImages/product_photos/1280_720/320730_382864_1280_720.png,"olejek do twarzy Super Food30 ml, nr kat. 382864",49.99,36.99,"https://www.rossmann.pl/Produkt/Serum/Q-A-olejek-do-twarzy-Super-Food-30-ml,382864,9225",Available online,Twarz/Pielęgnacja twarzy/Serum,None,None,None
Q+A,https://www.ros.net.pl/GalleryImages/product_photos/1280_720/320738_382863_1280_720.png,"serum do twarzy z cynkiem PCA30 ml, nr kat. 382863",49.99,36.99,"https://www.rossmann.pl/Produkt/Serum/Q-A-serum-do-twarzy-z-cynkiem-PCA-30-ml,382863,9225",Available online,Twarz/Pielęgnacja twarzy/Serum,None,None,None
Q+A,https://www.ros.net.pl/GalleryImages/product_photos/1280_720/320734_382861_1280_720.png,"serum do twarzy z peptydami30 ml, nr kat. 382861",49.99,36.99,"https://www.rossmann.pl/Produkt/Serum/Q-A-serum-do-twarzy-z-peptydami-30-ml,382861,9225",Available online,Twarz/Pielęgnacja twarzy/Serum,None,None,None
Q+A,https://www.ros.net.pl/GalleryImages/product_photos/1280_720/320726_382859_1280_720.png,"serum do twarzy z kwasem hialuronowym30 ml, nr kat. 382859",39.99,29.99,"https://www.rossmann.pl/Produkt/Serum/Q-A-serum-do-twarzy-z-kwasem-hialuronowym-30-ml,382859,9225",Available online,Twarz/Pielęgnacja twarzy/Serum,None,None,None
Q+A,https://www.ros.net.pl/GalleryImages/product_photos/1280_720/328534_382873_1280_720.png,"żel pod oczy z peptydami z alg morskich15 ml, nr kat. 382873",39.99,29.99,"https://www.rossmann.pl/Produkt/Kremy-pod-oczy/Q-A-zel-pod-oczy-z-peptydami-z-alg-morskich-15-ml,382873,9224",Available online,Twarz/Pielęgnacja twarzy/Kremy pod oczy,None,None,None
Q+A,https://www.ros.net.pl/GalleryImages/product_photos/1280_720/320742_382860_1280_720.png,"serum pod oczy z kofeiną15ml, nr kat. 382860",39.99,29.99,"https://www.rossmann.pl/Produkt/Serum/Q-A-serum-pod-oczy-z-kofeina-15ml,382860,9225",Available online,Twarz/Pielęgnacja twarzy/Serum,None,None,None
Q+A,https://www.ros.net.pl/GalleryImages/product_photos/1280_720/320724_382865_1280_720.png,"krem do twarzy z imbirem75 ml, nr kat. 382865",49.99,36.99,"https://www.rossmann.pl/Produkt/Kremy-do-twarzy/Q-A-krem-do-twarzy-z-imbirem-75-ml,382865,9223",Available online,Twarz/Pielęgnacja twarzy/Kremy do twarzy,None,None,kobieta 
Q+A,https://www.ros.net.pl/GalleryImages/product_photos/1280_720/320755_382862_1280_720.png,"krem do twarzy z kolagenem50 ml, nr kat. 382862",66.99,49.99,"https://www.rossmann.pl/Produkt/Kremy-do-twarzy/Q-A-krem-do-twarzy-z-kolagenem-50-ml,382862,9223",Available online,Twarz/Pielęgnacja twarzy/Kremy do twarzy,None,None,kobieta 
Q+A,https://www.ros.net.pl/GalleryImages/product_photos/1280_720/320750_382866_1280_720.png,"krem do twarzy i szyi 5-HTP50 ml, nr kat. 382866",66.99,49.99,"https://www.rossmann.pl/Produkt/Kremy-do-twarzy/Q-A-krem-do-twarzy-i-szyi-5-HTP-50-ml,382866,9223",Available online,Twarz/Pielęgnacja twarzy/Kremy do twarzy,None,None,kobieta 
Q+A,https://www.ros.net.pl/GalleryImages/product_photos/1280_720/328529_382868_1280_720.png,"krem do twarzy do twarzy z rumiankiem50 ml, nr kat. 382868",66.99,49.99,"https://www.rossmann.pl/Produkt/Kremy-do-twarzy/Q-A-krem-do-twarzy-do-twarzy-z-rumiankiem-50-ml,382868,9223",Available online,Twarz/Pielęgnacja twarzy/Kremy do twarzy,None,None,kobieta 
L'ORÉAL PARIS Hyaluron Specialist,https://www.ros.net.pl/GalleryImages/product_photos/1280_720/337956_363116_1280_720.png,"woda micelarna200 ml, nr kat. 363116",21.99,16.99,"https://www.rossmann.pl/Produkt/Plyny-micelarne/LOreal-Paris-Hyaluron-Specialist-woda-micelarna-200-ml,363116,8770",Available online,Twarz/Oczyszczanie i demakijaż/Płyny micelarne,None,None,None
BEBIO Ewa Chodakowska,https://www.ros.net.pl/GalleryImages/product_photos/1280_720/307087_357682_1280_720_100307.png,"naturalne serum-olejek odżywczo- regenerujące30 ml, nr kat. 357682",43.99,32.99,"https://www.rossmann.pl/Produkt/Serum/beBIO-Ewa-Chodakowska-naturalne-serum-olejek-odzywczo-regenerujace-30-ml,357682,9225",Available online,Twarz/Pielęgnacja twarzy/Serum,None,None,None
BEBIO Ewa Chodakowska,https://www.ros.net.pl/GalleryImages/product_photos/1280_720/307081_357681_1280_720_100307.png,"naturalny krem pod oczy odżywczo-wygładzający15 ml, nr kat. 357681",32.99,24.99,"https://www.rossmann.pl/Produkt/Kremy-pod-oczy/beBIO-Ewa-Chodakowska-naturalny-krem-pod-oczy-odzywczo-wygladzajacy-15-ml,357681,9224",Available online,Twarz/Pielęgnacja twarzy/Kremy pod oczy,None,None,None
BEBIO Ewa Chodakowska,https://www.ros.net.pl/GalleryImages/product_photos/1280_720/307055_357679_1280_720_100301.png,"naturalny krem odżywczo-regenerujący na dzień50 ml, nr kat. 357679",43.99,32.99,"https://www.rossmann.pl/Produkt/Kremy-do-twarzy/beBIO-Ewa-Chodakowska-naturalny-krem-odzywczo-regenerujacy-na-dzien-50-ml,357679,9223",Available online,Twarz/Pielęgnacja twarzy/Kremy do twarzy,None,None,None
BEBIO Ewa Chodakowska,https://www.ros.net.pl/GalleryImages/product_photos/1280_720/307051_357680_1280_720_100301.png,"naturalny krem odżywczo-regenerujący na noc50 ml, nr kat. 357680",43.99,32.99,"https://www.rossmann.pl/Produkt/Kremy-do-twarzy/beBIO-Ewa-Chodakowska-naturalny-krem-odzywczo-regenerujacy-na-noc-50-ml,357680,9223",Available online,Twarz/Pielęgnacja twarzy/Kremy do twarzy,None,None,kobieta 
BIELENDA Złote Ceramidy,https://www.ros.net.pl/GalleryImages/product_photos/1280_720/321869_378857_1280_720.png,"woda micelarna nawilżająco-kojąca, cera dojrzała i wrażliwa500 ml, nr kat. 378857",22.99,15.99,"https://www.rossmann.pl/Produkt/Plyny-micelarne/Bielenda-Zlote-Ceramidy-woda-micelarna-nawilzajaco-kojaca-cera-dojrzala-i-wrazliwa-500-ml,378857,8770",Available online,Twarz/Oczyszczanie i demakijaż/Płyny micelarne,None,None,None
BEBIO Ewa Chodakowska,https://www.ros.net.pl/GalleryImages/product_photos/1280_720/307041_357693_1280_720_100301.png,"naturalny krem nawilżający na dzień i na noc75 ml, nr kat. 357693",32.99,24.99,"https://www.rossmann.pl/Produkt/Kremy-do-twarzy/beBIO-Ewa-Chodakowska-naturalny-krem-nawilzajacy-na-dzien-i-na-noc-75-ml,357693,9223",Available online,Twarz/Pielęgnacja twarzy/Kremy do twarzy,None,None,kobieta 
BIELENDA Royal Bee Elixir,https://www.ros.net.pl/GalleryImages/product_photos/1280_720/311998_372612_1280_720_102515.png,"kojący płyn micelarny500 ml, nr kat. 372612",22.99,15.99,"https://www.rossmann.pl/Produkt/Plyny-micelarne/Bielenda-Royal-Bee-Elixir-kojacy-plyn-micelarny-500-ml,372612,8770",Available online,Twarz/Oczyszczanie i demakijaż/Płyny micelarne,None,None,None
AA Pure Derma,https://www.ros.net.pl/GalleryImages/product_photos/1280_720/322551_381306_1280_720.png,"kojąca woda micelarna400 ml, nr kat. 381306",20.99,13.99,"https://www.rossmann.pl/Produkt/Plyny-micelarne/AA-Pure-Derma-kojaca-woda-micelarna-400-ml,381306,8770",Available online,Twarz/Oczyszczanie i demakijaż/Płyny micelarne,None,None,None
BEBIO Ewa Chodakowska,https://www.ros.net.pl/GalleryImages/product_photos/1280_720/307043_357683_1280_720_100301.png,"naturalny płyn micelarny nawilżająco-odżywczy200 ml, nr kat. 357683",21.99,15.49,"https://www.rossmann.pl/Produkt/Plyny-micelarne/beBIO-Ewa-Chodakowska-naturalny-plyn-micelarny-nawilzajaco-odzywczy-200-ml,357683,8770",Available online,Twarz/Oczyszczanie i demakijaż/Płyny micelarne,None,None,None
AA Pure Derma,https://www.ros.net.pl/GalleryImages/product_photos/1280_720/322553_381307_1280_720.png,"normalizująca woda micelarna400 ml, nr kat. 381307",20.99,13.99,"https://www.rossmann.pl/Produkt/Plyny-micelarne/AA-Pure-Derma-normalizujaca-woda-micelarna-400-ml,381307,8770",Available online,Twarz/Oczyszczanie i demakijaż/Płyny micelarne,None,None,None
SORAYA Kombucha,https://www.ros.net.pl/GalleryImages/product_photos/1280_720/313013_366270_1280_720_102947.png,"płyn micelarny do każdego typu cery400 ml, nr kat. 366270",21.99,15.49,"https://www.rossmann.pl/Produkt/Plyny-micelarne/Soraya-Kombucha-plyn-micelarny-do-kazdego-typu-cery-400-ml,366270,8770",Available online,Twarz/Oczyszczanie i demakijaż/Płyny micelarne,None,None,None
SORAYA Plante,https://www.ros.net.pl/GalleryImages/product_photos/1280_720/207366_317788_1280_720_63987.png,"łagodzący płyn micelarny400 ml, nr kat. 317788",21.99,15.49,"https://www.rossmann.pl/Produkt/Plyny-micelarne/Soraya-Plante-lagodzacy-plyn-micelarny-400-ml,317788,8770",Available online,Twarz/Oczyszczanie i demakijaż/Płyny micelarne,None,None,None
SORAYA Plante,https://www.ros.net.pl/GalleryImages/product_photos/1280_720/201341_317789_1280_720_64371.png,"odświeżający płyn micelarny400 ml, nr kat. 317789",21.99,15.49,"https://www.rossmann.pl/Produkt/Plyny-micelarne/Soraya-Plante-odswiezajacy-plyn-micelarny-400-ml,317789,8770",Available online,Twarz/Oczyszczanie i demakijaż/Płyny micelarne,None,None,None
BIOTANIQE Aloe Vera,https://www.ros.net.pl/GalleryImages/product_photos/1280_720/347642_329932_1280_720.png,"płyn micelarny aloesowy400 ml, nr kat. 329932",19.49,13.79,"https://www.rossmann.pl/Produkt/Plyny-micelarne/Biotaniqe-Aloe-Vera-plyn-micelarny-aloesowy-400-ml,329932,8770",Available online,Twarz/Oczyszczanie i demakijaż/Płyny micelarne,None,None,None
